-- ================================================
-- CarePlus - Consolidated Schema + Data
-- Executar TUDO nessa ordem: schema, então inserts
-- Data: 2026-05-02 - São Paulo, Brasil
-- ================================================


SET NAMES utf8mb4;
SET CHARACTER SET utf8mb4;
SET time_zone = '-03:00';

CREATE DATABASE IF NOT EXISTS careplus_novo CHARACTER SET utf8mb4 COLLATE utf8mb4_unicode_ci;
USE careplus_novo;

SET NAMES utf8mb4;
SET CHARACTER SET utf8mb4;
SET character_set_client = utf8mb4;
SET character_set_connection = utf8mb4;
SET character_set_results = utf8mb4;
SET collation_connection = utf8mb4_unicode_ci;

-- ===== SCHEMA =====

DROP TABLE IF EXISTS notificacao;
DROP TABLE IF EXISTS classificacao_doencas;
DROP TABLE IF EXISTS material;
DROP TABLE IF EXISTS medicacao;
DROP TABLE IF EXISTS fichaclinica;
DROP TABLE IF EXISTS consulta_funcionario;
DROP TABLE IF EXISTS consulta_prontuario;
DROP TABLE IF EXISTS cuidador;
DROP TABLE IF EXISTS funcionario_roles;
DROP TABLE IF EXISTS role;
DROP TABLE IF EXISTS funcionario;
DROP TABLE IF EXISTS responsavel;
DROP TABLE IF EXISTS paciente;
DROP TABLE IF EXISTS endereco;

CREATE TABLE endereco (
    id INT AUTO_INCREMENT PRIMARY KEY,
    cep VARCHAR(255),
    logradouro VARCHAR(255),
    numero VARCHAR(255),
    complemento VARCHAR(255),
    bairro VARCHAR(255),
    cidade VARCHAR(255),
    estado VARCHAR(255)
) CHARACTER SET utf8mb4 COLLATE utf8mb4_unicode_ci;

CREATE TABLE paciente (
    id BIGINT AUTO_INCREMENT PRIMARY KEY,
    nome VARCHAR(255),
    email VARCHAR(255),
    cpf VARCHAR(255),
    telefone VARCHAR(255),
    dt_nascimento DATE,
    convenio VARCHAR(255),
    data_inicio DATE,
    foto VARCHAR(255),
    ativo TINYINT(1) NOT NULL DEFAULT 1
) CHARACTER SET utf8mb4 COLLATE utf8mb4_unicode_ci;

CREATE TABLE responsavel (
    id BIGINT AUTO_INCREMENT PRIMARY KEY,
    nome VARCHAR(255),
    email VARCHAR(255),
    telefone VARCHAR(255),
    dt_nascimento DATE,
    cpf VARCHAR(255),
    id_endereco INT,
    ativo TINYINT(1) NOT NULL DEFAULT 1,
    CONSTRAINT fk_responsavel_endereco FOREIGN KEY (id_endereco) REFERENCES endereco(id)
) CHARACTER SET utf8mb4 COLLATE utf8mb4_unicode_ci;

CREATE TABLE funcionario (
    id BIGINT AUTO_INCREMENT PRIMARY KEY,
    nome VARCHAR(255),
    email VARCHAR(255),
    senha VARCHAR(255),
    supervisor_id BIGINT,
    cargo VARCHAR(255),
    especialidade VARCHAR(255),
    tipo_atendimento VARCHAR(45),
    telefone VARCHAR(45),
    documento VARCHAR(45),
    foto VARCHAR(255),
    ativo TINYINT(1) NOT NULL DEFAULT 1,
    CONSTRAINT fk_funcionario_supervisor FOREIGN KEY (supervisor_id) REFERENCES funcionario(id)
) CHARACTER SET utf8mb4 COLLATE utf8mb4_unicode_ci;

CREATE TABLE role (
    id BIGINT AUTO_INCREMENT PRIMARY KEY,
    nome VARCHAR(255)
) CHARACTER SET utf8mb4 COLLATE utf8mb4_unicode_ci;

CREATE TABLE funcionario_roles (
    funcionario_id BIGINT,
    role_id BIGINT,
    PRIMARY KEY (funcionario_id, role_id),
    CONSTRAINT fk_fr_funcionario FOREIGN KEY (funcionario_id) REFERENCES funcionario(id),
    CONSTRAINT fk_fr_role FOREIGN KEY (role_id) REFERENCES role(id)
) CHARACTER SET utf8mb4 COLLATE utf8mb4_unicode_ci;

CREATE TABLE consulta_prontuario (
    id BIGINT AUTO_INCREMENT PRIMARY KEY,
    paciente_id BIGINT,
    data DATE,
    horario_inicio TIME,
    horario_fim TIME,
    tipo VARCHAR(255),
    observacoes_comportamentais VARCHAR(2000),
    presenca TINYINT,
    confirmada TINYINT,
    recorrencia_id VARCHAR(55),
    CONSTRAINT fk_consulta_paciente FOREIGN KEY (paciente_id) REFERENCES paciente(id)
) CHARACTER SET utf8mb4 COLLATE utf8mb4_unicode_ci;

CREATE TABLE consulta_funcionario (
    id BIGINT AUTO_INCREMENT PRIMARY KEY,
    funcionario_id BIGINT NOT NULL,
    consulta_id BIGINT NOT NULL,
    CONSTRAINT uq_cf_consulta_funcionario UNIQUE (consulta_id, funcionario_id),
    CONSTRAINT fk_cf_funcionario FOREIGN KEY (funcionario_id) REFERENCES funcionario(id),
    CONSTRAINT fk_cf_consulta FOREIGN KEY (consulta_id) REFERENCES consulta_prontuario(id)
) CHARACTER SET utf8mb4 COLLATE utf8mb4_unicode_ci;

CREATE TABLE fichaclinica (
    id BIGINT AUTO_INCREMENT PRIMARY KEY,
    paciente_id BIGINT,
    desfraldado TINYINT,
    hiperfoco VARCHAR(255),
    anamnese VARCHAR(2000),
    diagnostico VARCHAR(255),
    resumo_clinico VARCHAR(2000),
    nivel_agressividade INT,
    CONSTRAINT fk_fichaClinica_paciente FOREIGN KEY (paciente_id) REFERENCES paciente(id)
) CHARACTER SET utf8mb4 COLLATE utf8mb4_unicode_ci;

CREATE TABLE classificacao_doencas (
    id BIGINT AUTO_INCREMENT PRIMARY KEY,
    cid VARCHAR(255),
    dt_modificacao DATE,
    prontuario_id BIGINT,
    CONSTRAINT fk_classificacao_prontuario FOREIGN KEY (prontuario_id) REFERENCES fichaclinica(id)
) CHARACTER SET utf8mb4 COLLATE utf8mb4_unicode_ci;

CREATE TABLE medicacao (
    id_medicacao BIGINT AUTO_INCREMENT PRIMARY KEY,
    nome_medicacao VARCHAR(255),
    data_inicio DATE,
    data_fim DATE,
    ativo TINYINT,
    data_modificacao DATETIME,
    prontuario_id BIGINT,
    CONSTRAINT fk_medicacao_prontuario FOREIGN KEY (prontuario_id) REFERENCES fichaclinica(id)
) CHARACTER SET utf8mb4 COLLATE utf8mb4_unicode_ci;

CREATE TABLE cuidador (
    id BIGINT AUTO_INCREMENT PRIMARY KEY,
    paciente_id BIGINT,
    responsavel_id BIGINT,
    parentesco VARCHAR(255),
    CONSTRAINT fk_cuidador_paciente FOREIGN KEY (paciente_id) REFERENCES paciente(id),
    CONSTRAINT fk_cuidador_responsavel FOREIGN KEY (responsavel_id) REFERENCES responsavel(id)
) CHARACTER SET utf8mb4 COLLATE utf8mb4_unicode_ci;

CREATE TABLE material (
    id BIGINT AUTO_INCREMENT PRIMARY KEY,
    item VARCHAR(255),
    data_implementacao DATE,
    fk_consulta BIGINT,
    CONSTRAINT fk_material_consulta FOREIGN KEY (fk_consulta) REFERENCES consulta_prontuario(id)
) CHARACTER SET utf8mb4 COLLATE utf8mb4_unicode_ci;

CREATE TABLE notificacao (
    id BIGINT AUTO_INCREMENT PRIMARY KEY,
    paciente_id BIGINT NOT NULL,
    recorrencia_id VARCHAR(60) NOT NULL,
    profissional_nome VARCHAR(255),
    especialidade VARCHAR(255),
    horario_inicio TIME,
    horario_fim TIME,
    tipo VARCHAR(255),
    dias_semana VARCHAR(20),
    data_fim DATE NOT NULL,
    criado_em DATETIME DEFAULT CURRENT_TIMESTAMP,
    UNIQUE KEY uq_notificacao_recorrencia_id (recorrencia_id),
    CONSTRAINT fk_notificacao_paciente FOREIGN KEY (paciente_id) REFERENCES paciente(id)
) CHARACTER SET utf8mb4 COLLATE utf8mb4_unicode_ci;

-- ===== USERS E ROLES =====

CREATE USER IF NOT EXISTS 'careplus_user'@'%' IDENTIFIED BY 'SenhaForte123!';
GRANT ALL PRIVILEGES ON careplus_novo.* TO 'careplus_user'@'%';
FLUSH PRIVILEGES;

-- ===== DATA (INSERTS) =====

INSERT INTO endereco (id, cep, logradouro, numero, complemento, bairro, cidade, estado) VALUES
(1,'01310-100','Avenida Paulista','1578','Apartamento 42','Bela Vista','São Paulo','SP'),
(2,'029891712','Rua das Flores','123','','Paulista','São Paulo','SP'),
(3,'03928090','logradouro_9b248d9dfa6f','numero_5bf79a305363','complemento_6a920f3c1e3c','bairro_ba3946537bb6','cidade_f01caf541f4c','estado_c09d4e91f03e');

INSERT INTO paciente (id, nome, email, cpf, telefone, dt_nascimento, convenio, data_inicio, foto, ativo) VALUES
(1,'Lucas Silva','lucas.silva@email.com','123.456.789-00','11 91234-5678','2014-05-15','Bradesco','2025-12-05', NULL, 1),
(2,'Mariana Costa','mariana.costa@email.com','987.654.321-00','21 99876-5432','2014-11-22','Bradesco Saúde','2025-12-05', NULL, 1),
(3,'Pedro Oliveira','pedro.oliveira@email.com','456.789.123-11','31 91234-8765','2014-02-10','Unimed','2025-12-05', NULL, 1),
(7,'Maria Santos','maria.santos@email.com','98765432100','11988887777','2014-05-15','Bradesco Saúde','2026-01-16', NULL, 1),
(8,'João Pereira','joao.pereira@email.com','11122233344','11990000001','2014-03-12','Unimed','2026-02-01',NULL,1),
(9,'Carla Mendes','carla.mendes@email.com','11122233345','11990000002','2015-07-25','Bradesco Saúde','2026-02-01',NULL,1),
(10,'Rafael Gomes','rafael.gomes@email.com','11122233346','11990000003','2015-09-10','SulAmérica','2026-02-01',NULL,1),
(11,'Patrícia Lima','patricia.lima@email.com','11122233347','11990000004','2015-01-30','Unimed','2026-02-01',NULL,1),
(12,'Bruno Rocha','bruno.rocha@email.com','11122233348','11990000005','2015-12-05','Particular','2026-02-01',NULL,1),
(13,'Fernanda Alves','fernanda.alves@email.com','11122233349','11990000006','2015-06-18','Amil','2026-02-01',NULL,1),
(14,'Diego Barros','diego.barros@email.com','11122233350','11990000007','2015-04-22','Unimed','2026-02-01',NULL,1),
(15,'Juliana Duarte','juliana.duarte@email.com','11122233351','11990000008','2015-11-11','Bradesco Saúde','2026-02-01',NULL,1),
(16,'Lucas Martins','lucas.martins@email.com','11122233352','11990000009','2015-08-09','SulAmérica','2026-02-01',NULL,1),
(17,'Amanda Freitas','amanda.freitas@email.com','11122233353','11990000010','2016-02-14','Amil','2026-02-01',NULL,1),
(18,'Gustavo Ribeiro','gustavo.ribeiro@email.com','11122233354','11990000011','2016-05-20','Unimed','2026-02-01',NULL,1),
(19,'Beatriz Carvalho','beatriz.carvalho@email.com','11122233355','11990000012','2016-07-03','Particular','2026-02-01',NULL,1),
(20,'Thiago Nogueira','thiago.nogueira@email.com','11122233356','11990000013','2016-10-27','Amil','2026-02-01',NULL,1),
(21,'Larissa Teixeira','larissa.teixeira@email.com','11122233357','11990000014','2016-03-08','Bradesco Saúde','2026-02-01',NULL,1),
(22,'Felipe Batista','felipe.batista@email.com','11122233358','11990000015','2016-09-15','Unimed','2026-02-01',NULL,1),
(23,'Camila Azevedo','camila.azevedo@email.com','11122233359','11990000016','2016-12-01','SulAmérica','2026-02-01',NULL,1),
(24,'Eduardo Pires','eduardo.pires@email.com','11122233360','11990000017','2016-06-06','Amil','2026-02-01',NULL,1),
(25,'Renata Correia','renata.correia@email.com','11122233361','11990000018','2017-11-19','Bradesco Saúde','2026-02-01',NULL,1),
(26,'Vinícius Farias','vinicius.farias@email.com','11122233362','11990000019','2017-01-01','Unimed','2026-02-01',NULL,1),
(27,'Tatiane Moura','tatiane.moura@email.com','11122233363','11990000020','2017-05-05','Particular','2026-02-01',NULL,1),
(28,'Rodrigo Cardoso','rodrigo.cardoso@email.com','11122233364','11990000021','2017-08-18','Amil','2026-02-01',NULL,1),
(29,'Aline Barbosa','aline.barbosa@email.com','11122233365','11990000022','2017-02-22','SulAmérica','2026-02-01',NULL,1),
(30,'Daniel Tavares','daniel.tavares@email.com','11122233366','11990000023','2017-07-07','Unimed','2026-02-01',NULL,1),
(31,'Priscila Lopes','priscila.lopes@email.com','11122233367','11990000024','2017-12-30','Bradesco Saúde','2026-02-01',NULL,1),
(32,'André Castro','andre.castro@email.com','11122233368','11990000025','2017-09-09','Amil','2026-02-01',NULL,1),
(33,'Simone Rezende','simone.rezende@email.com','11122233369','11990000026','2018-04-14','Unimed','2026-02-01',NULL,1),
(34,'Leandro Peixoto','leandro.peixoto@email.com','11122233370','11990000027','2018-10-10','SulAmérica','2026-02-01',NULL,1),
(35,'Vanessa Guedes','vanessa.guedes@email.com','11122233371','11990000028','2018-01-17','Bradesco Saúde','2026-02-01',NULL,1),
(36,'Paulo Queiroz','paulo.queiroz@email.com','11122233372','11990000029','2018-06-25','Particular','2026-02-01',NULL,1),
(37,'Cláudia Santana','claudia.santana@email.com','11122233373','11990000030','2018-03-03','Amil','2026-02-01',NULL,1),
(38,'Ricardo Neves','ricardo.neves@email.com','11122233374','11990000031','2018-11-11','Unimed','2026-02-01',NULL,1),
(39,'Débora Monteiro','debora.monteiro@email.com','11122233375','11990000032','2018-08-08','SulAmérica','2026-02-01',NULL,1),
(40,'Marcelo Dantas','marcelo.dantas@email.com','11122233376','11990000033','2018-02-02','Bradesco Saúde','2026-02-01',NULL,1),
(41,'Luciana Prado','luciana.prado@email.com','11122233377','11990000034','2018-07-21','Unimed','2026-02-01',NULL,1),
(42,'Sérgio Pacheco','sergio.pacheco@email.com','11122233378','11990000035','2018-05-29','Amil','2026-02-01',NULL,1),
(43,'Elaine Borges','elaine.borges@email.com','11122233379','11990000036','2018-12-12','Particular','2026-02-01',NULL,1),
(44,'Fábio Macedo','fabio.macedo@email.com','11122233380','11990000037','2018-09-09','SulAmérica','2026-02-01',NULL,1),
(45,'Kelly Ramos','kelly.ramos@email.com','11122233381','11990000038','2018-06-06','Bradesco Saúde','2026-02-01',NULL,1),
(46,'Igor Medeiros','igor.medeiros@email.com','11122233382','11990000039','2018-01-15','Unimed','2026-02-01',NULL,1),
(47,'Natália Figueiredo','natalia.figueiredo@email.com','11122233383','11990000040','2018-04-04','Amil','2026-02-01',NULL,1),
(48,'Maria Oliveira','maria.oliveira@email.com','22233344401','11990000041','2014-02-02','Unimed','2026-02-10',NULL,1),
(49,'Maria Souza','maria.souza@email.com','22233344402','11990000042','2015-05-10','Bradesco Saúde','2026-02-10',NULL,1),
(50,'Maria Pereira','maria.pereira@email.com','22233344403','11990000043','2016-08-18','Amil','2026-02-10',NULL,1),
(51,'João Silva','joao.silva@email.com','22233344404','11990000044','2017-01-01','Unimed','2026-02-10',NULL,1),
(52,'João Santos','joao.santos@email.com','22233344405','11990000045','2017-03-22','SulAmérica','2026-02-10',NULL,1),
(53,'João Ferreira','joao.ferreira@email.com','22233344406','11990000046','2017-07-30','Particular','2026-02-10',NULL,1),
(54,'Ana Lima','ana.lima@email.com','22233344407','11990000047','2018-11-11','Amil','2026-02-10',NULL,1),
(55,'Ana Rocha','ana.rocha@email.com','22233344408','11990000048','2018-04-04','Unimed','2026-02-10',NULL,1),
(56,'Carlos Mendes','carlos.mendes@email.com','22233344409','11990000049','2016-06-15','Bradesco Saúde','2026-02-10',NULL,1),
(57,'Carlos Alves','carlos.alves@email.com','22233344410','11990000050','2017-09-09','SulAmérica','2026-02-10',NULL,1);

INSERT INTO role (id, nome) VALUES
(1,'ADMIN'),
(2,'USER'),
(3,'MANAGER'),
(4,'SCHEDULER'),
(5, 'VIEWER');

INSERT INTO funcionario (id, nome, email, senha, supervisor_id, cargo, especialidade, tipo_atendimento, telefone, documento, foto, ativo) VALUES
(1,'Dra. Helena Castro','helena.castro@clinica.com','$2a$10$0/TKTGxdREbWaWjWYhwf6e9P1fPOAMMNqEnZgOG95jnSkHSfkkIrC',NULL,'Supervisor(a)',NULL, 'TO', '11940028922', '40028922', 'fotoPerfil.png', 1),
(2,'Juliana Almeida','admin@clinica.com','$2a$10$0/TKTGxdREbWaWjWYhwf6e9P1fPOAMMNqEnZgOG95jnSkHSfkkIrC',1,'Funcionário',NULL, 'TO', '11940028922', '40028922', 'fotoPerfil.png', 1),
(3,'Marcos Ribeiro','marcos.ribeiro@clinica.com','$2a$10$0/TKTGxdREbWaWjWYhwf6e9P1fPOAMMNqEnZgOG95jnSkHSfkkIrC',1,'Estagiário','Fonoaudiologia', 'ABA', '11940028922', '40028922', 'fotoPerfil.png', 1),
(4,'Vitor Almeida','vitor.almeida@clinica.com','$2a$10$0/TKTGxdREbWaWjWYhwf6e9P1fPOAMMNqEnZgOG95jnSkHSfkkIrC',1,'Funcionário',NULL, 'ABA', '11940028922', '40028922', 'fotoPerfil.png', 1),
(5,'Ana Paula Ferreira','ana.ferreira@clinica.com','$2a$10$0/TKTGxdREbWaWjWYhwf6e9P1fPOAMMNqEnZgOG95jnSkHSfkkIrC',1,'Supervisor(a)',NULL, 'ABA', '11941100001', '50001001', NULL, 1),
(6,'Beatriz Souza','beatriz.souza@clinica.com','$2a$10$0/TKTGxdREbWaWjWYhwf6e9P1fPOAMMNqEnZgOG95jnSkHSfkkIrC',5,'Funcionário','Terapia Ocupacional', 'TO', '11941100002', '50001002', NULL, 1),
(7,'Camila Rocha','camila.rocha@clinica.com','$2a$10$0/TKTGxdREbWaWjWYhwf6e9P1fPOAMMNqEnZgOG95jnSkHSfkkIrC',5,'Funcionário','Psicopedagogia', 'ABA', '11941100003', '50001003', NULL, 1),
(8,'Diego Martins','diego.martins@clinica.com','$2a$10$0/TKTGxdREbWaWjWYhwf6e9P1fPOAMMNqEnZgOG95jnSkHSfkkIrC',5,'Funcionário','Nutricionista', 'TO', '11941100004', '50001004', NULL, 1),
(9,'Fernanda Lima','fernanda.lima@clinica.com','$2a$10$0/TKTGxdREbWaWjWYhwf6e9P1fPOAMMNqEnZgOG95jnSkHSfkkIrC',1,'Funcionário','Fisioterapia', 'TO', '11941100005', '50001005', NULL, 1),
(10,'Gabriel Costa','gabriel.costa@clinica.com','$2a$10$0/TKTGxdREbWaWjWYhwf6e9P1fPOAMMNqEnZgOG95jnSkHSfkkIrC',1,'Funcionário','Psicomotricidade', 'ABA', '11941100006', '50001006', NULL, 1),
(11,'Isabela Nunes','isabela.nunes@clinica.com','$2a$10$0/TKTGxdREbWaWjWYhwf6e9P1fPOAMMNqEnZgOG95jnSkHSfkkIrC',1,'Funcionário','Musicoterapia', 'TO', '11941100007', '50001007', NULL, 1),
(12, 'Michele Alves', 'michele.alves@clinica.com', '$2a$10$0/TKTGxdREbWaWjWYhwf6e9P1fPOAMMNqEnZgOG95jnSkHSfkkIrC',1,'Terceirizada',NULL, NULL, '11941100018', '50001008', NULL, 1);

INSERT INTO funcionario_roles (funcionario_id, role_id) VALUES
(1,3),(2,1),(3,2),(4,4),
(5,3),(6,2),(7,2),(8,2),(9,2),(10,2),(11,2),(12,5);

INSERT INTO fichaclinica (id, paciente_id, desfraldado, hiperfoco, anamnese, diagnostico, resumo_clinico, nivel_agressividade) VALUES
(1, 1, 1, 'Brinquedos', 'Histórico de atraso de fala', 'TEA leve', 'Paciente comunicativo com apoio', 2),
(2, 2, 1, 'Desenhos', 'Dificuldade de interação social', 'TEA moderado', 'Boa evolução clínica', 3),
(3, 3, 0, 'Movimentos repetitivos', 'Atraso cognitivo', 'TDAH', 'Necessita acompanhamento contínuo', 4),
(4, 7, 1, 'Música', 'Ansiedade frequente', 'Transtorno de Ansiedade', 'Responde bem à terapia', 1);

INSERT INTO consulta_prontuario (id, paciente_id, data, horario_inicio, horario_fim, tipo, observacoes_comportamentais, presenca, confirmada) VALUES
(1, 1, '2026-01-10', '09:00:00', '10:00:00', 'Avaliação Inicial', 'Paciente colaborativo', 1, 1),
(2, 2, '2026-01-12', '10:30:00', '11:30:00', 'Sessão Terapêutica', 'Paciente não compareceu', 0, 1),
(3, 3, '2026-02-05', '14:00:00', '15:00:00', 'Fonoaudiologia', NULL, NULL, 1),
(4, 7, '2026-02-10', '15:30:00', '16:30:00', 'Avaliação de Rotina', NULL, NULL, 0),
(5, 1, CURDATE(), '16:00:00', '17:00:00', 'Sessão Regular', NULL, NULL, 1);

INSERT INTO consulta_funcionario (id, consulta_id, funcionario_id) VALUES
(1, 1, 2),
(2, 2, 2),
(3, 3, 3),
(4, 4, 3),
(5, 5, 2);

INSERT INTO responsavel (id, nome, email, telefone, dt_nascimento, cpf, id_endereco, ativo) VALUES
(1,'Clara','email2@gmail.com','11953248144','2002-01-16','24335449090',3, 1),
(2,'Vinicius Dias','vinicius@gmail.com','11953248144','1990-01-16','24335449090',2, 1);

INSERT INTO classificacao_doencas (id, cid, dt_modificacao, prontuario_id) VALUES
(1, 'F84.0', '2026-01-10', 1),
(2, 'F84.1', '2026-01-12', 2),
(3, 'F90.0', '2026-01-15', 3),
(4, 'F41.1', '2026-01-16', 4);

INSERT INTO medicacao (id_medicacao, nome_medicacao, data_inicio, data_fim, ativo, data_modificacao, prontuario_id) VALUES
(1, 'Risperidona', '2025-12-01', NULL, 1, NOW(), 1),
(2, 'Melatonina', '2025-11-10', '2026-01-10', 0, NOW(), 2),
(3, 'Metilfenidato', '2026-01-05', NULL, 1, NOW(), 3);

INSERT INTO cuidador (id, paciente_id, responsavel_id, parentesco) VALUES
(1, 1, 1, 'Mãe'),
(2, 2, 1, 'Tia'),
(3, 7, 1, 'Responsável Legal');

INSERT INTO material (id, item, data_implementacao, fk_consulta) VALUES
(1, 'Cartões de Comunicação', '2026-01-10', 1),
(2, 'Jogos Sensoriais', '2026-01-12', 2),
(3, 'Espelho Terapêutico', '2026-02-05', 3);

-- ===================================================
-- CONSULTAS PADRONIZADAS - Recorrência Semanal (Lucas)
-- Período  : 02/03/2026 a 31/05/2026 (65 dias úteis)
-- Frequência: segunda a sexta | Paciente: Lucas (id=1)
-- Datas passadas (< 04/05/2026): presenca=1, confirmada=1
-- ===================================================

INSERT INTO consulta_prontuario (id, paciente_id, data, horario_inicio, horario_fim, tipo, observacoes_comportamentais, presenca, confirmada, recorrencia_id) VALUES
-- 08:00 | Ana Paula Ferreira
(6,1,'2026-03-02','08:00:00','09:00:00','Psicologia',NULL,1,1,'aa000000-0000-0000-0000-000000000008'),
(7,1,'2026-03-03','08:00:00','09:00:00','Psicologia',NULL,1,1,'aa000000-0000-0000-0000-000000000008'),
(8,1,'2026-03-04','08:00:00','09:00:00','Psicologia',NULL,1,1,'aa000000-0000-0000-0000-000000000008'),
(9,1,'2026-03-05','08:00:00','09:00:00','Psicologia',NULL,1,1,'aa000000-0000-0000-0000-000000000008'),
(10,1,'2026-03-06','08:00:00','09:00:00','Psicologia',NULL,1,1,'aa000000-0000-0000-0000-000000000008'),
(11,1,'2026-03-09','08:00:00','09:00:00','Psicologia',NULL,1,1,'aa000000-0000-0000-0000-000000000008'),
(12,1,'2026-03-10','08:00:00','09:00:00','Psicologia',NULL,1,1,'aa000000-0000-0000-0000-000000000008'),
(13,1,'2026-03-11','08:00:00','09:00:00','Psicologia',NULL,1,1,'aa000000-0000-0000-0000-000000000008'),
(14,1,'2026-03-12','08:00:00','09:00:00','Psicologia',NULL,1,1,'aa000000-0000-0000-0000-000000000008'),
(15,1,'2026-03-13','08:00:00','09:00:00','Psicologia',NULL,1,1,'aa000000-0000-0000-0000-000000000008'),
(16,1,'2026-03-16','08:00:00','09:00:00','Psicologia',NULL,1,1,'aa000000-0000-0000-0000-000000000008'),
(17,1,'2026-03-17','08:00:00','09:00:00','Psicologia',NULL,1,1,'aa000000-0000-0000-0000-000000000008'),
(18,1,'2026-03-18','08:00:00','09:00:00','Psicologia',NULL,1,1,'aa000000-0000-0000-0000-000000000008'),
(19,1,'2026-03-19','08:00:00','09:00:00','Psicologia',NULL,1,1,'aa000000-0000-0000-0000-000000000008'),
(20,1,'2026-03-20','08:00:00','09:00:00','Psicologia',NULL,1,1,'aa000000-0000-0000-0000-000000000008'),
(21,1,'2026-03-23','08:00:00','09:00:00','Psicologia',NULL,1,1,'aa000000-0000-0000-0000-000000000008'),
(22,1,'2026-03-24','08:00:00','09:00:00','Psicologia',NULL,1,1,'aa000000-0000-0000-0000-000000000008'),
(23,1,'2026-03-25','08:00:00','09:00:00','Psicologia',NULL,1,1,'aa000000-0000-0000-0000-000000000008'),
(24,1,'2026-03-26','08:00:00','09:00:00','Psicologia',NULL,1,1,'aa000000-0000-0000-0000-000000000008'),
(25,1,'2026-03-27','08:00:00','09:00:00','Psicologia',NULL,1,1,'aa000000-0000-0000-0000-000000000008'),
(26,1,'2026-03-30','08:00:00','09:00:00','Psicologia',NULL,1,1,'aa000000-0000-0000-0000-000000000008'),
(27,1,'2026-03-31','08:00:00','09:00:00','Psicologia',NULL,1,1,'aa000000-0000-0000-0000-000000000008'),
(28,1,'2026-04-01','08:00:00','09:00:00','Psicologia',NULL,1,1,'aa000000-0000-0000-0000-000000000008'),
(29,1,'2026-04-02','08:00:00','09:00:00','Psicologia',NULL,1,1,'aa000000-0000-0000-0000-000000000008'),
(30,1,'2026-04-03','08:00:00','09:00:00','Psicologia',NULL,1,1,'aa000000-0000-0000-0000-000000000008'),
(31,1,'2026-04-06','08:00:00','09:00:00','Psicologia',NULL,1,1,'aa000000-0000-0000-0000-000000000008'),
(32,1,'2026-04-07','08:00:00','09:00:00','Psicologia',NULL,1,1,'aa000000-0000-0000-0000-000000000008'),
(33,1,'2026-04-08','08:00:00','09:00:00','Psicologia',NULL,1,1,'aa000000-0000-0000-0000-000000000008'),
(34,1,'2026-04-09','08:00:00','09:00:00','Psicologia',NULL,1,1,'aa000000-0000-0000-0000-000000000008'),
(35,1,'2026-04-10','08:00:00','09:00:00','Psicologia',NULL,1,1,'aa000000-0000-0000-0000-000000000008'),
(36,1,'2026-04-13','08:00:00','09:00:00','Psicologia',NULL,1,1,'aa000000-0000-0000-0000-000000000008'),
(37,1,'2026-04-14','08:00:00','09:00:00','Psicologia',NULL,1,1,'aa000000-0000-0000-0000-000000000008'),
(38,1,'2026-04-15','08:00:00','09:00:00','Psicologia',NULL,1,1,'aa000000-0000-0000-0000-000000000008'),
(39,1,'2026-04-16','08:00:00','09:00:00','Psicologia',NULL,1,1,'aa000000-0000-0000-0000-000000000008'),
(40,1,'2026-04-17','08:00:00','09:00:00','Psicologia',NULL,1,1,'aa000000-0000-0000-0000-000000000008'),
(41,1,'2026-04-20','08:00:00','09:00:00','Psicologia',NULL,1,1,'aa000000-0000-0000-0000-000000000008'),
(42,1,'2026-04-21','08:00:00','09:00:00','Psicologia',NULL,1,1,'aa000000-0000-0000-0000-000000000008'),
(43,1,'2026-04-22','08:00:00','09:00:00','Psicologia',NULL,1,1,'aa000000-0000-0000-0000-000000000008'),
(44,1,'2026-04-23','08:00:00','09:00:00','Psicologia',NULL,1,1,'aa000000-0000-0000-0000-000000000008'),
(45,1,'2026-04-24','08:00:00','09:00:00','Psicologia',NULL,1,1,'aa000000-0000-0000-0000-000000000008'),
(46,1,'2026-04-27','08:00:00','09:00:00','Psicologia',NULL,1,1,'aa000000-0000-0000-0000-000000000008'),
(47,1,'2026-04-28','08:00:00','09:00:00','Psicologia',NULL,1,1,'aa000000-0000-0000-0000-000000000008'),
(48,1,'2026-04-29','08:00:00','09:00:00','Psicologia',NULL,1,1,'aa000000-0000-0000-0000-000000000008'),
(49,1,'2026-04-30','08:00:00','09:00:00','Psicologia',NULL,1,1,'aa000000-0000-0000-0000-000000000008'),
(50,1,'2026-05-01','08:00:00','09:00:00','Psicologia',NULL,1,1,'aa000000-0000-0000-0000-000000000008'),
(51,1,'2026-05-04','08:00:00','09:00:00','Psicologia',NULL,NULL,0,'aa000000-0000-0000-0000-000000000008'),
(52,1,'2026-05-05','08:00:00','09:00:00','Psicologia',NULL,NULL,0,'aa000000-0000-0000-0000-000000000008'),
(53,1,'2026-05-06','08:00:00','09:00:00','Psicologia',NULL,NULL,0,'aa000000-0000-0000-0000-000000000008'),
(54,1,'2026-05-07','08:00:00','09:00:00','Psicologia',NULL,NULL,0,'aa000000-0000-0000-0000-000000000008'),
(55,1,'2026-05-08','08:00:00','09:00:00','Psicologia',NULL,NULL,0,'aa000000-0000-0000-0000-000000000008'),
(56,1,'2026-05-11','08:00:00','09:00:00','Psicologia',NULL,NULL,0,'aa000000-0000-0000-0000-000000000008'),
(57,1,'2026-05-12','08:00:00','09:00:00','Psicologia',NULL,NULL,0,'aa000000-0000-0000-0000-000000000008'),
(58,1,'2026-05-13','08:00:00','09:00:00','Psicologia',NULL,NULL,0,'aa000000-0000-0000-0000-000000000008'),
(59,1,'2026-05-14','08:00:00','09:00:00','Psicologia',NULL,NULL,0,'aa000000-0000-0000-0000-000000000008'),
(60,1,'2026-05-15','08:00:00','09:00:00','Psicologia',NULL,NULL,0,'aa000000-0000-0000-0000-000000000008'),
(61,1,'2026-05-18','08:00:00','09:00:00','Psicologia',NULL,NULL,0,'aa000000-0000-0000-0000-000000000008'),
(62,1,'2026-05-19','08:00:00','09:00:00','Psicologia',NULL,NULL,0,'aa000000-0000-0000-0000-000000000008'),
(63,1,'2026-05-20','08:00:00','09:00:00','Psicologia',NULL,NULL,0,'aa000000-0000-0000-0000-000000000008'),
(64,1,'2026-05-21','08:00:00','09:00:00','Psicologia',NULL,NULL,0,'aa000000-0000-0000-0000-000000000008'),
(65,1,'2026-05-22','08:00:00','09:00:00','Psicologia',NULL,NULL,0,'aa000000-0000-0000-0000-000000000008'),
(66,1,'2026-05-25','08:00:00','09:00:00','Psicologia',NULL,NULL,0,'aa000000-0000-0000-0000-000000000008'),
(67,1,'2026-05-26','08:00:00','09:00:00','Psicologia',NULL,NULL,0,'aa000000-0000-0000-0000-000000000008'),
(68,1,'2026-05-27','08:00:00','09:00:00','Psicologia',NULL,NULL,0,'aa000000-0000-0000-0000-000000000008'),
(69,1,'2026-05-28','08:00:00','09:00:00','Psicologia',NULL,NULL,0,'aa000000-0000-0000-0000-000000000008'),
(70,1,'2026-05-29','08:00:00','09:00:00','Psicologia',NULL,NULL,0,'aa000000-0000-0000-0000-000000000008'),
-- 09:00 | Beatriz Souza
(71,1,'2026-03-02','09:00:00','10:00:00','Terapia Ocupacional',NULL,1,1,'aa000000-0000-0000-0000-000000000009'),
(72,1,'2026-03-03','09:00:00','10:00:00','Terapia Ocupacional',NULL,1,1,'aa000000-0000-0000-0000-000000000009'),
(73,1,'2026-03-04','09:00:00','10:00:00','Terapia Ocupacional',NULL,1,1,'aa000000-0000-0000-0000-000000000009'),
(74,1,'2026-03-05','09:00:00','10:00:00','Terapia Ocupacional',NULL,1,1,'aa000000-0000-0000-0000-000000000009'),
(75,1,'2026-03-06','09:00:00','10:00:00','Terapia Ocupacional',NULL,1,1,'aa000000-0000-0000-0000-000000000009'),
(76,1,'2026-03-09','09:00:00','10:00:00','Terapia Ocupacional',NULL,1,1,'aa000000-0000-0000-0000-000000000009'),
(77,1,'2026-03-10','09:00:00','10:00:00','Terapia Ocupacional',NULL,1,1,'aa000000-0000-0000-0000-000000000009'),
(78,1,'2026-03-11','09:00:00','10:00:00','Terapia Ocupacional',NULL,1,1,'aa000000-0000-0000-0000-000000000009'),
(79,1,'2026-03-12','09:00:00','10:00:00','Terapia Ocupacional',NULL,1,1,'aa000000-0000-0000-0000-000000000009'),
(80,1,'2026-03-13','09:00:00','10:00:00','Terapia Ocupacional',NULL,1,1,'aa000000-0000-0000-0000-000000000009'),
(81,1,'2026-03-16','09:00:00','10:00:00','Terapia Ocupacional',NULL,1,1,'aa000000-0000-0000-0000-000000000009'),
(82,1,'2026-03-17','09:00:00','10:00:00','Terapia Ocupacional',NULL,1,1,'aa000000-0000-0000-0000-000000000009'),
(83,1,'2026-03-18','09:00:00','10:00:00','Terapia Ocupacional',NULL,1,1,'aa000000-0000-0000-0000-000000000009'),
(84,1,'2026-03-19','09:00:00','10:00:00','Terapia Ocupacional',NULL,1,1,'aa000000-0000-0000-0000-000000000009'),
(85,1,'2026-03-20','09:00:00','10:00:00','Terapia Ocupacional',NULL,1,1,'aa000000-0000-0000-0000-000000000009'),
(86,1,'2026-03-23','09:00:00','10:00:00','Terapia Ocupacional',NULL,1,1,'aa000000-0000-0000-0000-000000000009'),
(87,1,'2026-03-24','09:00:00','10:00:00','Terapia Ocupacional',NULL,1,1,'aa000000-0000-0000-0000-000000000009'),
(88,1,'2026-03-25','09:00:00','10:00:00','Terapia Ocupacional',NULL,1,1,'aa000000-0000-0000-0000-000000000009'),
(89,1,'2026-03-26','09:00:00','10:00:00','Terapia Ocupacional',NULL,1,1,'aa000000-0000-0000-0000-000000000009'),
(90,1,'2026-03-27','09:00:00','10:00:00','Terapia Ocupacional',NULL,1,1,'aa000000-0000-0000-0000-000000000009'),
(91,1,'2026-03-30','09:00:00','10:00:00','Terapia Ocupacional',NULL,1,1,'aa000000-0000-0000-0000-000000000009'),
(92,1,'2026-03-31','09:00:00','10:00:00','Terapia Ocupacional',NULL,1,1,'aa000000-0000-0000-0000-000000000009'),
(93,1,'2026-04-01','09:00:00','10:00:00','Terapia Ocupacional',NULL,1,1,'aa000000-0000-0000-0000-000000000009'),
(94,1,'2026-04-02','09:00:00','10:00:00','Terapia Ocupacional',NULL,1,1,'aa000000-0000-0000-0000-000000000009'),
(95,1,'2026-04-03','09:00:00','10:00:00','Terapia Ocupacional',NULL,1,1,'aa000000-0000-0000-0000-000000000009'),
(96,1,'2026-04-06','09:00:00','10:00:00','Terapia Ocupacional',NULL,1,1,'aa000000-0000-0000-0000-000000000009'),
(97,1,'2026-04-07','09:00:00','10:00:00','Terapia Ocupacional',NULL,1,1,'aa000000-0000-0000-0000-000000000009'),
(98,1,'2026-04-08','09:00:00','10:00:00','Terapia Ocupacional',NULL,1,1,'aa000000-0000-0000-0000-000000000009'),
(99,1,'2026-04-09','09:00:00','10:00:00','Terapia Ocupacional',NULL,1,1,'aa000000-0000-0000-0000-000000000009'),
(100,1,'2026-04-10','09:00:00','10:00:00','Terapia Ocupacional',NULL,1,1,'aa000000-0000-0000-0000-000000000009'),
(101,1,'2026-04-13','09:00:00','10:00:00','Terapia Ocupacional',NULL,1,1,'aa000000-0000-0000-0000-000000000009'),
(102,1,'2026-04-14','09:00:00','10:00:00','Terapia Ocupacional',NULL,1,1,'aa000000-0000-0000-0000-000000000009'),
(103,1,'2026-04-15','09:00:00','10:00:00','Terapia Ocupacional',NULL,1,1,'aa000000-0000-0000-0000-000000000009'),
(104,1,'2026-04-16','09:00:00','10:00:00','Terapia Ocupacional',NULL,1,1,'aa000000-0000-0000-0000-000000000009'),
(105,1,'2026-04-17','09:00:00','10:00:00','Terapia Ocupacional',NULL,1,1,'aa000000-0000-0000-0000-000000000009'),
(106,1,'2026-04-20','09:00:00','10:00:00','Terapia Ocupacional',NULL,1,1,'aa000000-0000-0000-0000-000000000009'),
(107,1,'2026-04-21','09:00:00','10:00:00','Terapia Ocupacional',NULL,1,1,'aa000000-0000-0000-0000-000000000009'),
(108,1,'2026-04-22','09:00:00','10:00:00','Terapia Ocupacional',NULL,1,1,'aa000000-0000-0000-0000-000000000009'),
(109,1,'2026-04-23','09:00:00','10:00:00','Terapia Ocupacional',NULL,1,1,'aa000000-0000-0000-0000-000000000009'),
(110,1,'2026-04-24','09:00:00','10:00:00','Terapia Ocupacional',NULL,1,1,'aa000000-0000-0000-0000-000000000009'),
(111,1,'2026-04-27','09:00:00','10:00:00','Terapia Ocupacional',NULL,1,1,'aa000000-0000-0000-0000-000000000009'),
(112,1,'2026-04-28','09:00:00','10:00:00','Terapia Ocupacional',NULL,1,1,'aa000000-0000-0000-0000-000000000009'),
(113,1,'2026-04-29','09:00:00','10:00:00','Terapia Ocupacional',NULL,1,1,'aa000000-0000-0000-0000-000000000009'),
(114,1,'2026-04-30','09:00:00','10:00:00','Terapia Ocupacional',NULL,1,1,'aa000000-0000-0000-0000-000000000009'),
(115,1,'2026-05-01','09:00:00','10:00:00','Terapia Ocupacional',NULL,1,1,'aa000000-0000-0000-0000-000000000009'),
(116,1,'2026-05-04','09:00:00','10:00:00','Terapia Ocupacional',NULL,NULL,0,'aa000000-0000-0000-0000-000000000009'),
(117,1,'2026-05-05','09:00:00','10:00:00','Terapia Ocupacional',NULL,NULL,0,'aa000000-0000-0000-0000-000000000009'),
(118,1,'2026-05-06','09:00:00','10:00:00','Terapia Ocupacional',NULL,NULL,0,'aa000000-0000-0000-0000-000000000009'),
(119,1,'2026-05-07','09:00:00','10:00:00','Terapia Ocupacional',NULL,NULL,0,'aa000000-0000-0000-0000-000000000009'),
(120,1,'2026-05-08','09:00:00','10:00:00','Terapia Ocupacional',NULL,NULL,0,'aa000000-0000-0000-0000-000000000009'),
(121,1,'2026-05-11','09:00:00','10:00:00','Terapia Ocupacional',NULL,NULL,0,'aa000000-0000-0000-0000-000000000009'),
(122,1,'2026-05-12','09:00:00','10:00:00','Terapia Ocupacional',NULL,NULL,0,'aa000000-0000-0000-0000-000000000009'),
(123,1,'2026-05-13','09:00:00','10:00:00','Terapia Ocupacional',NULL,NULL,0,'aa000000-0000-0000-0000-000000000009'),
(124,1,'2026-05-14','09:00:00','10:00:00','Terapia Ocupacional',NULL,NULL,0,'aa000000-0000-0000-0000-000000000009'),
(125,1,'2026-05-15','09:00:00','10:00:00','Terapia Ocupacional',NULL,NULL,0,'aa000000-0000-0000-0000-000000000009'),
(126,1,'2026-05-18','09:00:00','10:00:00','Terapia Ocupacional',NULL,NULL,0,'aa000000-0000-0000-0000-000000000009'),
(127,1,'2026-05-19','09:00:00','10:00:00','Terapia Ocupacional',NULL,NULL,0,'aa000000-0000-0000-0000-000000000009'),
(128,1,'2026-05-20','09:00:00','10:00:00','Terapia Ocupacional',NULL,NULL,0,'aa000000-0000-0000-0000-000000000009'),
(129,1,'2026-05-21','09:00:00','10:00:00','Terapia Ocupacional',NULL,NULL,0,'aa000000-0000-0000-0000-000000000009'),
(130,1,'2026-05-22','09:00:00','10:00:00','Terapia Ocupacional',NULL,NULL,0,'aa000000-0000-0000-0000-000000000009'),
(131,1,'2026-05-25','09:00:00','10:00:00','Terapia Ocupacional',NULL,NULL,0,'aa000000-0000-0000-0000-000000000009'),
(132,1,'2026-05-26','09:00:00','10:00:00','Terapia Ocupacional',NULL,NULL,0,'aa000000-0000-0000-0000-000000000009'),
(133,1,'2026-05-27','09:00:00','10:00:00','Terapia Ocupacional',NULL,NULL,0,'aa000000-0000-0000-0000-000000000009'),
(134,1,'2026-05-28','09:00:00','10:00:00','Terapia Ocupacional',NULL,NULL,0,'aa000000-0000-0000-0000-000000000009'),
(135,1,'2026-05-29','09:00:00','10:00:00','Terapia Ocupacional',NULL,NULL,0,'aa000000-0000-0000-0000-000000000009'),
-- 10:00 | Camila Rocha
(136,1,'2026-03-02','10:00:00','11:00:00','Psicopedagogia',NULL,1,1,'aa000000-0000-0000-0000-000000000010'),
(137,1,'2026-03-03','10:00:00','11:00:00','Psicopedagogia',NULL,1,1,'aa000000-0000-0000-0000-000000000010'),
(138,1,'2026-03-04','10:00:00','11:00:00','Psicopedagogia',NULL,1,1,'aa000000-0000-0000-0000-000000000010'),
(139,1,'2026-03-05','10:00:00','11:00:00','Psicopedagogia',NULL,1,1,'aa000000-0000-0000-0000-000000000010'),
(140,1,'2026-03-06','10:00:00','11:00:00','Psicopedagogia',NULL,1,1,'aa000000-0000-0000-0000-000000000010'),
(141,1,'2026-03-09','10:00:00','11:00:00','Psicopedagogia',NULL,1,1,'aa000000-0000-0000-0000-000000000010'),
(142,1,'2026-03-10','10:00:00','11:00:00','Psicopedagogia',NULL,1,1,'aa000000-0000-0000-0000-000000000010'),
(143,1,'2026-03-11','10:00:00','11:00:00','Psicopedagogia',NULL,1,1,'aa000000-0000-0000-0000-000000000010'),
(144,1,'2026-03-12','10:00:00','11:00:00','Psicopedagogia',NULL,1,1,'aa000000-0000-0000-0000-000000000010'),
(145,1,'2026-03-13','10:00:00','11:00:00','Psicopedagogia',NULL,1,1,'aa000000-0000-0000-0000-000000000010'),
(146,1,'2026-03-16','10:00:00','11:00:00','Psicopedagogia',NULL,1,1,'aa000000-0000-0000-0000-000000000010'),
(147,1,'2026-03-17','10:00:00','11:00:00','Psicopedagogia',NULL,1,1,'aa000000-0000-0000-0000-000000000010'),
(148,1,'2026-03-18','10:00:00','11:00:00','Psicopedagogia',NULL,1,1,'aa000000-0000-0000-0000-000000000010'),
(149,1,'2026-03-19','10:00:00','11:00:00','Psicopedagogia',NULL,1,1,'aa000000-0000-0000-0000-000000000010'),
(150,1,'2026-03-20','10:00:00','11:00:00','Psicopedagogia',NULL,1,1,'aa000000-0000-0000-0000-000000000010'),
(151,1,'2026-03-23','10:00:00','11:00:00','Psicopedagogia',NULL,1,1,'aa000000-0000-0000-0000-000000000010'),
(152,1,'2026-03-24','10:00:00','11:00:00','Psicopedagogia',NULL,1,1,'aa000000-0000-0000-0000-000000000010'),
(153,1,'2026-03-25','10:00:00','11:00:00','Psicopedagogia',NULL,1,1,'aa000000-0000-0000-0000-000000000010'),
(154,1,'2026-03-26','10:00:00','11:00:00','Psicopedagogia',NULL,1,1,'aa000000-0000-0000-0000-000000000010'),
(155,1,'2026-03-27','10:00:00','11:00:00','Psicopedagogia',NULL,1,1,'aa000000-0000-0000-0000-000000000010'),
(156,1,'2026-03-30','10:00:00','11:00:00','Psicopedagogia',NULL,1,1,'aa000000-0000-0000-0000-000000000010'),
(157,1,'2026-03-31','10:00:00','11:00:00','Psicopedagogia',NULL,1,1,'aa000000-0000-0000-0000-000000000010'),
(158,1,'2026-04-01','10:00:00','11:00:00','Psicopedagogia',NULL,1,1,'aa000000-0000-0000-0000-000000000010'),
(159,1,'2026-04-02','10:00:00','11:00:00','Psicopedagogia',NULL,1,1,'aa000000-0000-0000-0000-000000000010'),
(160,1,'2026-04-03','10:00:00','11:00:00','Psicopedagogia',NULL,1,1,'aa000000-0000-0000-0000-000000000010'),
(161,1,'2026-04-06','10:00:00','11:00:00','Psicopedagogia',NULL,1,1,'aa000000-0000-0000-0000-000000000010'),
(162,1,'2026-04-07','10:00:00','11:00:00','Psicopedagogia',NULL,1,1,'aa000000-0000-0000-0000-000000000010'),
(163,1,'2026-04-08','10:00:00','11:00:00','Psicopedagogia',NULL,1,1,'aa000000-0000-0000-0000-000000000010'),
(164,1,'2026-04-09','10:00:00','11:00:00','Psicopedagogia',NULL,1,1,'aa000000-0000-0000-0000-000000000010'),
(165,1,'2026-04-10','10:00:00','11:00:00','Psicopedagogia',NULL,1,1,'aa000000-0000-0000-0000-000000000010'),
(166,1,'2026-04-13','10:00:00','11:00:00','Psicopedagogia',NULL,1,1,'aa000000-0000-0000-0000-000000000010'),
(167,1,'2026-04-14','10:00:00','11:00:00','Psicopedagogia',NULL,1,1,'aa000000-0000-0000-0000-000000000010'),
(168,1,'2026-04-15','10:00:00','11:00:00','Psicopedagogia',NULL,1,1,'aa000000-0000-0000-0000-000000000010'),
(169,1,'2026-04-16','10:00:00','11:00:00','Psicopedagogia',NULL,1,1,'aa000000-0000-0000-0000-000000000010'),
(170,1,'2026-04-17','10:00:00','11:00:00','Psicopedagogia',NULL,1,1,'aa000000-0000-0000-0000-000000000010'),
(171,1,'2026-04-20','10:00:00','11:00:00','Psicopedagogia',NULL,1,1,'aa000000-0000-0000-0000-000000000010'),
(172,1,'2026-04-21','10:00:00','11:00:00','Psicopedagogia',NULL,1,1,'aa000000-0000-0000-0000-000000000010'),
(173,1,'2026-04-22','10:00:00','11:00:00','Psicopedagogia',NULL,1,1,'aa000000-0000-0000-0000-000000000010'),
(174,1,'2026-04-23','10:00:00','11:00:00','Psicopedagogia',NULL,1,1,'aa000000-0000-0000-0000-000000000010'),
(175,1,'2026-04-24','10:00:00','11:00:00','Psicopedagogia',NULL,1,1,'aa000000-0000-0000-0000-000000000010'),
(176,1,'2026-04-27','10:00:00','11:00:00','Psicopedagogia',NULL,1,1,'aa000000-0000-0000-0000-000000000010'),
(177,1,'2026-04-28','10:00:00','11:00:00','Psicopedagogia',NULL,1,1,'aa000000-0000-0000-0000-000000000010'),
(178,1,'2026-04-29','10:00:00','11:00:00','Psicopedagogia',NULL,1,1,'aa000000-0000-0000-0000-000000000010'),
(179,1,'2026-04-30','10:00:00','11:00:00','Psicopedagogia',NULL,1,1,'aa000000-0000-0000-0000-000000000010'),
(180,1,'2026-05-01','10:00:00','11:00:00','Psicopedagogia',NULL,1,1,'aa000000-0000-0000-0000-000000000010'),
(181,1,'2026-05-04','10:00:00','11:00:00','Psicopedagogia',NULL,NULL,0,'aa000000-0000-0000-0000-000000000010'),
(182,1,'2026-05-05','10:00:00','11:00:00','Psicopedagogia',NULL,NULL,0,'aa000000-0000-0000-0000-000000000010'),
(183,1,'2026-05-06','10:00:00','11:00:00','Psicopedagogia',NULL,NULL,0,'aa000000-0000-0000-0000-000000000010'),
(184,1,'2026-05-07','10:00:00','11:00:00','Psicopedagogia',NULL,NULL,0,'aa000000-0000-0000-0000-000000000010'),
(185,1,'2026-05-08','10:00:00','11:00:00','Psicopedagogia',NULL,NULL,0,'aa000000-0000-0000-0000-000000000010'),
(186,1,'2026-05-11','10:00:00','11:00:00','Psicopedagogia',NULL,NULL,0,'aa000000-0000-0000-0000-000000000010'),
(187,1,'2026-05-12','10:00:00','11:00:00','Psicopedagogia',NULL,NULL,0,'aa000000-0000-0000-0000-000000000010'),
(188,1,'2026-05-13','10:00:00','11:00:00','Psicopedagogia',NULL,NULL,0,'aa000000-0000-0000-0000-000000000010'),
(189,1,'2026-05-14','10:00:00','11:00:00','Psicopedagogia',NULL,NULL,0,'aa000000-0000-0000-0000-000000000010'),
(190,1,'2026-05-15','10:00:00','11:00:00','Psicopedagogia',NULL,NULL,0,'aa000000-0000-0000-0000-000000000010'),
(191,1,'2026-05-18','10:00:00','11:00:00','Psicopedagogia',NULL,NULL,0,'aa000000-0000-0000-0000-000000000010'),
(192,1,'2026-05-19','10:00:00','11:00:00','Psicopedagogia',NULL,NULL,0,'aa000000-0000-0000-0000-000000000010'),
(193,1,'2026-05-20','10:00:00','11:00:00','Psicopedagogia',NULL,NULL,0,'aa000000-0000-0000-0000-000000000010'),
(194,1,'2026-05-21','10:00:00','11:00:00','Psicopedagogia',NULL,NULL,0,'aa000000-0000-0000-0000-000000000010'),
(195,1,'2026-05-22','10:00:00','11:00:00','Psicopedagogia',NULL,NULL,0,'aa000000-0000-0000-0000-000000000010'),
(196,1,'2026-05-25','10:00:00','11:00:00','Psicopedagogia',NULL,NULL,0,'aa000000-0000-0000-0000-000000000010'),
(197,1,'2026-05-26','10:00:00','11:00:00','Psicopedagogia',NULL,NULL,0,'aa000000-0000-0000-0000-000000000010'),
(198,1,'2026-05-27','10:00:00','11:00:00','Psicopedagogia',NULL,NULL,0,'aa000000-0000-0000-0000-000000000010'),
(199,1,'2026-05-28','10:00:00','11:00:00','Psicopedagogia',NULL,NULL,0,'aa000000-0000-0000-0000-000000000010'),
(200,1,'2026-05-29','10:00:00','11:00:00','Psicopedagogia',NULL,NULL,0,'aa000000-0000-0000-0000-000000000010'),
-- 11:00 | Diego Martins
(201,1,'2026-03-02','11:00:00','12:00:00','Nutrição',NULL,1,1,'aa000000-0000-0000-0000-000000000011'),
(202,1,'2026-03-03','11:00:00','12:00:00','Nutrição',NULL,1,1,'aa000000-0000-0000-0000-000000000011'),
(203,1,'2026-03-04','11:00:00','12:00:00','Nutrição',NULL,1,1,'aa000000-0000-0000-0000-000000000011'),
(204,1,'2026-03-05','11:00:00','12:00:00','Nutrição',NULL,1,1,'aa000000-0000-0000-0000-000000000011'),
(205,1,'2026-03-06','11:00:00','12:00:00','Nutrição',NULL,1,1,'aa000000-0000-0000-0000-000000000011'),
(206,1,'2026-03-09','11:00:00','12:00:00','Nutrição',NULL,1,1,'aa000000-0000-0000-0000-000000000011'),
(207,1,'2026-03-10','11:00:00','12:00:00','Nutrição',NULL,1,1,'aa000000-0000-0000-0000-000000000011'),
(208,1,'2026-03-11','11:00:00','12:00:00','Nutrição',NULL,1,1,'aa000000-0000-0000-0000-000000000011'),
(209,1,'2026-03-12','11:00:00','12:00:00','Nutrição',NULL,1,1,'aa000000-0000-0000-0000-000000000011'),
(210,1,'2026-03-13','11:00:00','12:00:00','Nutrição',NULL,1,1,'aa000000-0000-0000-0000-000000000011'),
(211,1,'2026-03-16','11:00:00','12:00:00','Nutrição',NULL,1,1,'aa000000-0000-0000-0000-000000000011'),
(212,1,'2026-03-17','11:00:00','12:00:00','Nutrição',NULL,1,1,'aa000000-0000-0000-0000-000000000011'),
(213,1,'2026-03-18','11:00:00','12:00:00','Nutrição',NULL,1,1,'aa000000-0000-0000-0000-000000000011'),
(214,1,'2026-03-19','11:00:00','12:00:00','Nutrição',NULL,1,1,'aa000000-0000-0000-0000-000000000011'),
(215,1,'2026-03-20','11:00:00','12:00:00','Nutrição',NULL,1,1,'aa000000-0000-0000-0000-000000000011'),
(216,1,'2026-03-23','11:00:00','12:00:00','Nutrição',NULL,1,1,'aa000000-0000-0000-0000-000000000011'),
(217,1,'2026-03-24','11:00:00','12:00:00','Nutrição',NULL,1,1,'aa000000-0000-0000-0000-000000000011'),
(218,1,'2026-03-25','11:00:00','12:00:00','Nutrição',NULL,1,1,'aa000000-0000-0000-0000-000000000011'),
(219,1,'2026-03-26','11:00:00','12:00:00','Nutrição',NULL,1,1,'aa000000-0000-0000-0000-000000000011'),
(220,1,'2026-03-27','11:00:00','12:00:00','Nutrição',NULL,1,1,'aa000000-0000-0000-0000-000000000011'),
(221,1,'2026-03-30','11:00:00','12:00:00','Nutrição',NULL,1,1,'aa000000-0000-0000-0000-000000000011'),
(222,1,'2026-03-31','11:00:00','12:00:00','Nutrição',NULL,1,1,'aa000000-0000-0000-0000-000000000011'),
(223,1,'2026-04-01','11:00:00','12:00:00','Nutrição',NULL,1,1,'aa000000-0000-0000-0000-000000000011'),
(224,1,'2026-04-02','11:00:00','12:00:00','Nutrição',NULL,1,1,'aa000000-0000-0000-0000-000000000011'),
(225,1,'2026-04-03','11:00:00','12:00:00','Nutrição',NULL,1,1,'aa000000-0000-0000-0000-000000000011'),
(226,1,'2026-04-06','11:00:00','12:00:00','Nutrição',NULL,1,1,'aa000000-0000-0000-0000-000000000011'),
(227,1,'2026-04-07','11:00:00','12:00:00','Nutrição',NULL,1,1,'aa000000-0000-0000-0000-000000000011'),
(228,1,'2026-04-08','11:00:00','12:00:00','Nutrição',NULL,1,1,'aa000000-0000-0000-0000-000000000011'),
(229,1,'2026-04-09','11:00:00','12:00:00','Nutrição',NULL,1,1,'aa000000-0000-0000-0000-000000000011'),
(230,1,'2026-04-10','11:00:00','12:00:00','Nutrição',NULL,1,1,'aa000000-0000-0000-0000-000000000011'),
(231,1,'2026-04-13','11:00:00','12:00:00','Nutrição',NULL,1,1,'aa000000-0000-0000-0000-000000000011'),
(232,1,'2026-04-14','11:00:00','12:00:00','Nutrição',NULL,1,1,'aa000000-0000-0000-0000-000000000011'),
(233,1,'2026-04-15','11:00:00','12:00:00','Nutrição',NULL,1,1,'aa000000-0000-0000-0000-000000000011'),
(234,1,'2026-04-16','11:00:00','12:00:00','Nutrição',NULL,1,1,'aa000000-0000-0000-0000-000000000011'),
(235,1,'2026-04-17','11:00:00','12:00:00','Nutrição',NULL,1,1,'aa000000-0000-0000-0000-000000000011'),
(236,1,'2026-04-20','11:00:00','12:00:00','Nutrição',NULL,1,1,'aa000000-0000-0000-0000-000000000011'),
(237,1,'2026-04-21','11:00:00','12:00:00','Nutrição',NULL,1,1,'aa000000-0000-0000-0000-000000000011'),
(238,1,'2026-04-22','11:00:00','12:00:00','Nutrição',NULL,1,1,'aa000000-0000-0000-0000-000000000011'),
(239,1,'2026-04-23','11:00:00','12:00:00','Nutrição',NULL,1,1,'aa000000-0000-0000-0000-000000000011'),
(240,1,'2026-04-24','11:00:00','12:00:00','Nutrição',NULL,1,1,'aa000000-0000-0000-0000-000000000011'),
(241,1,'2026-04-27','11:00:00','12:00:00','Nutrição',NULL,1,1,'aa000000-0000-0000-0000-000000000011'),
(242,1,'2026-04-28','11:00:00','12:00:00','Nutrição',NULL,1,1,'aa000000-0000-0000-0000-000000000011'),
(243,1,'2026-04-29','11:00:00','12:00:00','Nutrição',NULL,1,1,'aa000000-0000-0000-0000-000000000011'),
(244,1,'2026-04-30','11:00:00','12:00:00','Nutrição',NULL,1,1,'aa000000-0000-0000-0000-000000000011'),
(245,1,'2026-05-01','11:00:00','12:00:00','Nutrição',NULL,1,1,'aa000000-0000-0000-0000-000000000011'),
(246,1,'2026-05-04','11:00:00','12:00:00','Nutrição',NULL,NULL,0,'aa000000-0000-0000-0000-000000000011'),
(247,1,'2026-05-05','11:00:00','12:00:00','Nutrição',NULL,NULL,0,'aa000000-0000-0000-0000-000000000011'),
(248,1,'2026-05-06','11:00:00','12:00:00','Nutrição',NULL,NULL,0,'aa000000-0000-0000-0000-000000000011'),
(249,1,'2026-05-07','11:00:00','12:00:00','Nutrição',NULL,NULL,0,'aa000000-0000-0000-0000-000000000011'),
(250,1,'2026-05-08','11:00:00','12:00:00','Nutrição',NULL,NULL,0,'aa000000-0000-0000-0000-000000000011'),
(251,1,'2026-05-11','11:00:00','12:00:00','Nutrição',NULL,NULL,0,'aa000000-0000-0000-0000-000000000011'),
(252,1,'2026-05-12','11:00:00','12:00:00','Nutrição',NULL,NULL,0,'aa000000-0000-0000-0000-000000000011'),
(253,1,'2026-05-13','11:00:00','12:00:00','Nutrição',NULL,NULL,0,'aa000000-0000-0000-0000-000000000011'),
(254,1,'2026-05-14','11:00:00','12:00:00','Nutrição',NULL,NULL,0,'aa000000-0000-0000-0000-000000000011'),
(255,1,'2026-05-15','11:00:00','12:00:00','Nutrição',NULL,NULL,0,'aa000000-0000-0000-0000-000000000011'),
(256,1,'2026-05-18','11:00:00','12:00:00','Nutrição',NULL,NULL,0,'aa000000-0000-0000-0000-000000000011'),
(257,1,'2026-05-19','11:00:00','12:00:00','Nutrição',NULL,NULL,0,'aa000000-0000-0000-0000-000000000011'),
(258,1,'2026-05-20','11:00:00','12:00:00','Nutrição',NULL,NULL,0,'aa000000-0000-0000-0000-000000000011'),
(259,1,'2026-05-21','11:00:00','12:00:00','Nutrição',NULL,NULL,0,'aa000000-0000-0000-0000-000000000011'),
(260,1,'2026-05-22','11:00:00','12:00:00','Nutrição',NULL,NULL,0,'aa000000-0000-0000-0000-000000000011'),
(261,1,'2026-05-25','11:00:00','12:00:00','Nutrição',NULL,NULL,0,'aa000000-0000-0000-0000-000000000011'),
(262,1,'2026-05-26','11:00:00','12:00:00','Nutrição',NULL,NULL,0,'aa000000-0000-0000-0000-000000000011'),
(263,1,'2026-05-27','11:00:00','12:00:00','Nutrição',NULL,NULL,0,'aa000000-0000-0000-0000-000000000011'),
(264,1,'2026-05-28','11:00:00','12:00:00','Nutrição',NULL,NULL,0,'aa000000-0000-0000-0000-000000000011'),
(265,1,'2026-05-29','11:00:00','12:00:00','Nutrição',NULL,NULL,0,'aa000000-0000-0000-0000-000000000011'),
-- 12:00 | Fernanda Lima
(266,1,'2026-03-02','12:00:00','13:00:00','Fisioterapia',NULL,1,1,'aa000000-0000-0000-0000-000000000012'),
(267,1,'2026-03-03','12:00:00','13:00:00','Fisioterapia',NULL,1,1,'aa000000-0000-0000-0000-000000000012'),
(268,1,'2026-03-04','12:00:00','13:00:00','Fisioterapia',NULL,1,1,'aa000000-0000-0000-0000-000000000012'),
(269,1,'2026-03-05','12:00:00','13:00:00','Fisioterapia',NULL,1,1,'aa000000-0000-0000-0000-000000000012'),
(270,1,'2026-03-06','12:00:00','13:00:00','Fisioterapia',NULL,1,1,'aa000000-0000-0000-0000-000000000012'),
(271,1,'2026-03-09','12:00:00','13:00:00','Fisioterapia',NULL,1,1,'aa000000-0000-0000-0000-000000000012'),
(272,1,'2026-03-10','12:00:00','13:00:00','Fisioterapia',NULL,1,1,'aa000000-0000-0000-0000-000000000012'),
(273,1,'2026-03-11','12:00:00','13:00:00','Fisioterapia',NULL,1,1,'aa000000-0000-0000-0000-000000000012'),
(274,1,'2026-03-12','12:00:00','13:00:00','Fisioterapia',NULL,1,1,'aa000000-0000-0000-0000-000000000012'),
(275,1,'2026-03-13','12:00:00','13:00:00','Fisioterapia',NULL,1,1,'aa000000-0000-0000-0000-000000000012'),
(276,1,'2026-03-16','12:00:00','13:00:00','Fisioterapia',NULL,1,1,'aa000000-0000-0000-0000-000000000012'),
(277,1,'2026-03-17','12:00:00','13:00:00','Fisioterapia',NULL,1,1,'aa000000-0000-0000-0000-000000000012'),
(278,1,'2026-03-18','12:00:00','13:00:00','Fisioterapia',NULL,1,1,'aa000000-0000-0000-0000-000000000012'),
(279,1,'2026-03-19','12:00:00','13:00:00','Fisioterapia',NULL,1,1,'aa000000-0000-0000-0000-000000000012'),
(280,1,'2026-03-20','12:00:00','13:00:00','Fisioterapia',NULL,1,1,'aa000000-0000-0000-0000-000000000012'),
(281,1,'2026-03-23','12:00:00','13:00:00','Fisioterapia',NULL,1,1,'aa000000-0000-0000-0000-000000000012'),
(282,1,'2026-03-24','12:00:00','13:00:00','Fisioterapia',NULL,1,1,'aa000000-0000-0000-0000-000000000012'),
(283,1,'2026-03-25','12:00:00','13:00:00','Fisioterapia',NULL,1,1,'aa000000-0000-0000-0000-000000000012'),
(284,1,'2026-03-26','12:00:00','13:00:00','Fisioterapia',NULL,1,1,'aa000000-0000-0000-0000-000000000012'),
(285,1,'2026-03-27','12:00:00','13:00:00','Fisioterapia',NULL,1,1,'aa000000-0000-0000-0000-000000000012'),
(286,1,'2026-03-30','12:00:00','13:00:00','Fisioterapia',NULL,1,1,'aa000000-0000-0000-0000-000000000012'),
(287,1,'2026-03-31','12:00:00','13:00:00','Fisioterapia',NULL,1,1,'aa000000-0000-0000-0000-000000000012'),
(288,1,'2026-04-01','12:00:00','13:00:00','Fisioterapia',NULL,1,1,'aa000000-0000-0000-0000-000000000012'),
(289,1,'2026-04-02','12:00:00','13:00:00','Fisioterapia',NULL,1,1,'aa000000-0000-0000-0000-000000000012'),
(290,1,'2026-04-03','12:00:00','13:00:00','Fisioterapia',NULL,1,1,'aa000000-0000-0000-0000-000000000012'),
(291,1,'2026-04-06','12:00:00','13:00:00','Fisioterapia',NULL,1,1,'aa000000-0000-0000-0000-000000000012'),
(292,1,'2026-04-07','12:00:00','13:00:00','Fisioterapia',NULL,1,1,'aa000000-0000-0000-0000-000000000012'),
(293,1,'2026-04-08','12:00:00','13:00:00','Fisioterapia',NULL,1,1,'aa000000-0000-0000-0000-000000000012'),
(294,1,'2026-04-09','12:00:00','13:00:00','Fisioterapia',NULL,1,1,'aa000000-0000-0000-0000-000000000012'),
(295,1,'2026-04-10','12:00:00','13:00:00','Fisioterapia',NULL,1,1,'aa000000-0000-0000-0000-000000000012'),
(296,1,'2026-04-13','12:00:00','13:00:00','Fisioterapia',NULL,1,1,'aa000000-0000-0000-0000-000000000012'),
(297,1,'2026-04-14','12:00:00','13:00:00','Fisioterapia',NULL,1,1,'aa000000-0000-0000-0000-000000000012'),
(298,1,'2026-04-15','12:00:00','13:00:00','Fisioterapia',NULL,1,1,'aa000000-0000-0000-0000-000000000012'),
(299,1,'2026-04-16','12:00:00','13:00:00','Fisioterapia',NULL,1,1,'aa000000-0000-0000-0000-000000000012'),
(300,1,'2026-04-17','12:00:00','13:00:00','Fisioterapia',NULL,1,1,'aa000000-0000-0000-0000-000000000012'),
(301,1,'2026-04-20','12:00:00','13:00:00','Fisioterapia',NULL,1,1,'aa000000-0000-0000-0000-000000000012'),
(302,1,'2026-04-21','12:00:00','13:00:00','Fisioterapia',NULL,1,1,'aa000000-0000-0000-0000-000000000012'),
(303,1,'2026-04-22','12:00:00','13:00:00','Fisioterapia',NULL,1,1,'aa000000-0000-0000-0000-000000000012'),
(304,1,'2026-04-23','12:00:00','13:00:00','Fisioterapia',NULL,1,1,'aa000000-0000-0000-0000-000000000012'),
(305,1,'2026-04-24','12:00:00','13:00:00','Fisioterapia',NULL,1,1,'aa000000-0000-0000-0000-000000000012'),
(306,1,'2026-04-27','12:00:00','13:00:00','Fisioterapia',NULL,1,1,'aa000000-0000-0000-0000-000000000012'),
(307,1,'2026-04-28','12:00:00','13:00:00','Fisioterapia',NULL,1,1,'aa000000-0000-0000-0000-000000000012'),
(308,1,'2026-04-29','12:00:00','13:00:00','Fisioterapia',NULL,1,1,'aa000000-0000-0000-0000-000000000012'),
(309,1,'2026-04-30','12:00:00','13:00:00','Fisioterapia',NULL,1,1,'aa000000-0000-0000-0000-000000000012'),
(310,1,'2026-05-01','12:00:00','13:00:00','Fisioterapia',NULL,1,1,'aa000000-0000-0000-0000-000000000012'),
(311,1,'2026-05-04','12:00:00','13:00:00','Fisioterapia',NULL,NULL,0,'aa000000-0000-0000-0000-000000000012'),
(312,1,'2026-05-05','12:00:00','13:00:00','Fisioterapia',NULL,NULL,0,'aa000000-0000-0000-0000-000000000012'),
(313,1,'2026-05-06','12:00:00','13:00:00','Fisioterapia',NULL,NULL,0,'aa000000-0000-0000-0000-000000000012'),
(314,1,'2026-05-07','12:00:00','13:00:00','Fisioterapia',NULL,NULL,0,'aa000000-0000-0000-0000-000000000012'),
(315,1,'2026-05-08','12:00:00','13:00:00','Fisioterapia',NULL,NULL,0,'aa000000-0000-0000-0000-000000000012'),
(316,1,'2026-05-11','12:00:00','13:00:00','Fisioterapia',NULL,NULL,0,'aa000000-0000-0000-0000-000000000012'),
(317,1,'2026-05-12','12:00:00','13:00:00','Fisioterapia',NULL,NULL,0,'aa000000-0000-0000-0000-000000000012'),
(318,1,'2026-05-13','12:00:00','13:00:00','Fisioterapia',NULL,NULL,0,'aa000000-0000-0000-0000-000000000012'),
(319,1,'2026-05-14','12:00:00','13:00:00','Fisioterapia',NULL,NULL,0,'aa000000-0000-0000-0000-000000000012'),
(320,1,'2026-05-15','12:00:00','13:00:00','Fisioterapia',NULL,NULL,0,'aa000000-0000-0000-0000-000000000012'),
(321,1,'2026-05-18','12:00:00','13:00:00','Fisioterapia',NULL,NULL,0,'aa000000-0000-0000-0000-000000000012'),
(322,1,'2026-05-19','12:00:00','13:00:00','Fisioterapia',NULL,NULL,0,'aa000000-0000-0000-0000-000000000012'),
(323,1,'2026-05-20','12:00:00','13:00:00','Fisioterapia',NULL,NULL,0,'aa000000-0000-0000-0000-000000000012'),
(324,1,'2026-05-21','12:00:00','13:00:00','Fisioterapia',NULL,NULL,0,'aa000000-0000-0000-0000-000000000012'),
(325,1,'2026-05-22','12:00:00','13:00:00','Fisioterapia',NULL,NULL,0,'aa000000-0000-0000-0000-000000000012'),
(326,1,'2026-05-25','12:00:00','13:00:00','Fisioterapia',NULL,NULL,0,'aa000000-0000-0000-0000-000000000012'),
(327,1,'2026-05-26','12:00:00','13:00:00','Fisioterapia',NULL,NULL,0,'aa000000-0000-0000-0000-000000000012'),
(328,1,'2026-05-27','12:00:00','13:00:00','Fisioterapia',NULL,NULL,0,'aa000000-0000-0000-0000-000000000012'),
(329,1,'2026-05-28','12:00:00','13:00:00','Fisioterapia',NULL,NULL,0,'aa000000-0000-0000-0000-000000000012'),
(330,1,'2026-05-29','12:00:00','13:00:00','Fisioterapia',NULL,NULL,0,'aa000000-0000-0000-0000-000000000012'),
-- 13:00 | Gabriel Costa
(331,1,'2026-03-02','13:00:00','14:00:00','Psicomotricidade',NULL,1,1,'aa000000-0000-0000-0000-000000000013'),
(332,1,'2026-03-03','13:00:00','14:00:00','Psicomotricidade',NULL,1,1,'aa000000-0000-0000-0000-000000000013'),
(333,1,'2026-03-04','13:00:00','14:00:00','Psicomotricidade',NULL,1,1,'aa000000-0000-0000-0000-000000000013'),
(334,1,'2026-03-05','13:00:00','14:00:00','Psicomotricidade',NULL,1,1,'aa000000-0000-0000-0000-000000000013'),
(335,1,'2026-03-06','13:00:00','14:00:00','Psicomotricidade',NULL,1,1,'aa000000-0000-0000-0000-000000000013'),
(336,1,'2026-03-09','13:00:00','14:00:00','Psicomotricidade',NULL,1,1,'aa000000-0000-0000-0000-000000000013'),
(337,1,'2026-03-10','13:00:00','14:00:00','Psicomotricidade',NULL,1,1,'aa000000-0000-0000-0000-000000000013'),
(338,1,'2026-03-11','13:00:00','14:00:00','Psicomotricidade',NULL,1,1,'aa000000-0000-0000-0000-000000000013'),
(339,1,'2026-03-12','13:00:00','14:00:00','Psicomotricidade',NULL,1,1,'aa000000-0000-0000-0000-000000000013'),
(340,1,'2026-03-13','13:00:00','14:00:00','Psicomotricidade',NULL,1,1,'aa000000-0000-0000-0000-000000000013'),
(341,1,'2026-03-16','13:00:00','14:00:00','Psicomotricidade',NULL,1,1,'aa000000-0000-0000-0000-000000000013'),
(342,1,'2026-03-17','13:00:00','14:00:00','Psicomotricidade',NULL,1,1,'aa000000-0000-0000-0000-000000000013'),
(343,1,'2026-03-18','13:00:00','14:00:00','Psicomotricidade',NULL,1,1,'aa000000-0000-0000-0000-000000000013'),
(344,1,'2026-03-19','13:00:00','14:00:00','Psicomotricidade',NULL,1,1,'aa000000-0000-0000-0000-000000000013'),
(345,1,'2026-03-20','13:00:00','14:00:00','Psicomotricidade',NULL,1,1,'aa000000-0000-0000-0000-000000000013'),
(346,1,'2026-03-23','13:00:00','14:00:00','Psicomotricidade',NULL,1,1,'aa000000-0000-0000-0000-000000000013'),
(347,1,'2026-03-24','13:00:00','14:00:00','Psicomotricidade',NULL,1,1,'aa000000-0000-0000-0000-000000000013'),
(348,1,'2026-03-25','13:00:00','14:00:00','Psicomotricidade',NULL,1,1,'aa000000-0000-0000-0000-000000000013'),
(349,1,'2026-03-26','13:00:00','14:00:00','Psicomotricidade',NULL,1,1,'aa000000-0000-0000-0000-000000000013'),
(350,1,'2026-03-27','13:00:00','14:00:00','Psicomotricidade',NULL,1,1,'aa000000-0000-0000-0000-000000000013'),
(351,1,'2026-03-30','13:00:00','14:00:00','Psicomotricidade',NULL,1,1,'aa000000-0000-0000-0000-000000000013'),
(352,1,'2026-03-31','13:00:00','14:00:00','Psicomotricidade',NULL,1,1,'aa000000-0000-0000-0000-000000000013'),
(353,1,'2026-04-01','13:00:00','14:00:00','Psicomotricidade',NULL,1,1,'aa000000-0000-0000-0000-000000000013'),
(354,1,'2026-04-02','13:00:00','14:00:00','Psicomotricidade',NULL,1,1,'aa000000-0000-0000-0000-000000000013'),
(355,1,'2026-04-03','13:00:00','14:00:00','Psicomotricidade',NULL,1,1,'aa000000-0000-0000-0000-000000000013'),
(356,1,'2026-04-06','13:00:00','14:00:00','Psicomotricidade',NULL,1,1,'aa000000-0000-0000-0000-000000000013'),
(357,1,'2026-04-07','13:00:00','14:00:00','Psicomotricidade',NULL,1,1,'aa000000-0000-0000-0000-000000000013'),
(358,1,'2026-04-08','13:00:00','14:00:00','Psicomotricidade',NULL,1,1,'aa000000-0000-0000-0000-000000000013'),
(359,1,'2026-04-09','13:00:00','14:00:00','Psicomotricidade',NULL,1,1,'aa000000-0000-0000-0000-000000000013'),
(360,1,'2026-04-10','13:00:00','14:00:00','Psicomotricidade',NULL,1,1,'aa000000-0000-0000-0000-000000000013'),
(361,1,'2026-04-13','13:00:00','14:00:00','Psicomotricidade',NULL,1,1,'aa000000-0000-0000-0000-000000000013'),
(362,1,'2026-04-14','13:00:00','14:00:00','Psicomotricidade',NULL,1,1,'aa000000-0000-0000-0000-000000000013'),
(363,1,'2026-04-15','13:00:00','14:00:00','Psicomotricidade',NULL,1,1,'aa000000-0000-0000-0000-000000000013'),
(364,1,'2026-04-16','13:00:00','14:00:00','Psicomotricidade',NULL,1,1,'aa000000-0000-0000-0000-000000000013'),
(365,1,'2026-04-17','13:00:00','14:00:00','Psicomotricidade',NULL,1,1,'aa000000-0000-0000-0000-000000000013'),
(366,1,'2026-04-20','13:00:00','14:00:00','Psicomotricidade',NULL,1,1,'aa000000-0000-0000-0000-000000000013'),
(367,1,'2026-04-21','13:00:00','14:00:00','Psicomotricidade',NULL,1,1,'aa000000-0000-0000-0000-000000000013'),
(368,1,'2026-04-22','13:00:00','14:00:00','Psicomotricidade',NULL,1,1,'aa000000-0000-0000-0000-000000000013'),
(369,1,'2026-04-23','13:00:00','14:00:00','Psicomotricidade',NULL,1,1,'aa000000-0000-0000-0000-000000000013'),
(370,1,'2026-04-24','13:00:00','14:00:00','Psicomotricidade',NULL,1,1,'aa000000-0000-0000-0000-000000000013'),
(371,1,'2026-04-27','13:00:00','14:00:00','Psicomotricidade',NULL,1,1,'aa000000-0000-0000-0000-000000000013'),
(372,1,'2026-04-28','13:00:00','14:00:00','Psicomotricidade',NULL,1,1,'aa000000-0000-0000-0000-000000000013'),
(373,1,'2026-04-29','13:00:00','14:00:00','Psicomotricidade',NULL,1,1,'aa000000-0000-0000-0000-000000000013'),
(374,1,'2026-04-30','13:00:00','14:00:00','Psicomotricidade',NULL,1,1,'aa000000-0000-0000-0000-000000000013'),
(375,1,'2026-05-01','13:00:00','14:00:00','Psicomotricidade',NULL,1,1,'aa000000-0000-0000-0000-000000000013'),
(376,1,'2026-05-04','13:00:00','14:00:00','Psicomotricidade',NULL,NULL,0,'aa000000-0000-0000-0000-000000000013'),
(377,1,'2026-05-05','13:00:00','14:00:00','Psicomotricidade',NULL,NULL,0,'aa000000-0000-0000-0000-000000000013'),
(378,1,'2026-05-06','13:00:00','14:00:00','Psicomotricidade',NULL,NULL,0,'aa000000-0000-0000-0000-000000000013'),
(379,1,'2026-05-07','13:00:00','14:00:00','Psicomotricidade',NULL,NULL,0,'aa000000-0000-0000-0000-000000000013'),
(380,1,'2026-05-08','13:00:00','14:00:00','Psicomotricidade',NULL,NULL,0,'aa000000-0000-0000-0000-000000000013'),
(381,1,'2026-05-11','13:00:00','14:00:00','Psicomotricidade',NULL,NULL,0,'aa000000-0000-0000-0000-000000000013'),
(382,1,'2026-05-12','13:00:00','14:00:00','Psicomotricidade',NULL,NULL,0,'aa000000-0000-0000-0000-000000000013'),
(383,1,'2026-05-13','13:00:00','14:00:00','Psicomotricidade',NULL,NULL,0,'aa000000-0000-0000-0000-000000000013'),
(384,1,'2026-05-14','13:00:00','14:00:00','Psicomotricidade',NULL,NULL,0,'aa000000-0000-0000-0000-000000000013'),
(385,1,'2026-05-15','13:00:00','14:00:00','Psicomotricidade',NULL,NULL,0,'aa000000-0000-0000-0000-000000000013'),
(386,1,'2026-05-18','13:00:00','14:00:00','Psicomotricidade',NULL,NULL,0,'aa000000-0000-0000-0000-000000000013'),
(387,1,'2026-05-19','13:00:00','14:00:00','Psicomotricidade',NULL,NULL,0,'aa000000-0000-0000-0000-000000000013'),
(388,1,'2026-05-20','13:00:00','14:00:00','Psicomotricidade',NULL,NULL,0,'aa000000-0000-0000-0000-000000000013'),
(389,1,'2026-05-21','13:00:00','14:00:00','Psicomotricidade',NULL,NULL,0,'aa000000-0000-0000-0000-000000000013'),
(390,1,'2026-05-22','13:00:00','14:00:00','Psicomotricidade',NULL,NULL,0,'aa000000-0000-0000-0000-000000000013'),
(391,1,'2026-05-25','13:00:00','14:00:00','Psicomotricidade',NULL,NULL,0,'aa000000-0000-0000-0000-000000000013'),
(392,1,'2026-05-26','13:00:00','14:00:00','Psicomotricidade',NULL,NULL,0,'aa000000-0000-0000-0000-000000000013'),
(393,1,'2026-05-27','13:00:00','14:00:00','Psicomotricidade',NULL,NULL,0,'aa000000-0000-0000-0000-000000000013'),
(394,1,'2026-05-28','13:00:00','14:00:00','Psicomotricidade',NULL,NULL,0,'aa000000-0000-0000-0000-000000000013'),
(395,1,'2026-05-29','13:00:00','14:00:00','Psicomotricidade',NULL,NULL,0,'aa000000-0000-0000-0000-000000000013'),
-- 14:00 | Isabela Nunes
(396,1,'2026-03-02','14:00:00','15:00:00','Musicoterapia',NULL,1,1,'aa000000-0000-0000-0000-000000000014'),
(397,1,'2026-03-03','14:00:00','15:00:00','Musicoterapia',NULL,1,1,'aa000000-0000-0000-0000-000000000014'),
(398,1,'2026-03-04','14:00:00','15:00:00','Musicoterapia',NULL,1,1,'aa000000-0000-0000-0000-000000000014'),
(399,1,'2026-03-05','14:00:00','15:00:00','Musicoterapia',NULL,1,1,'aa000000-0000-0000-0000-000000000014'),
(400,1,'2026-03-06','14:00:00','15:00:00','Musicoterapia',NULL,1,1,'aa000000-0000-0000-0000-000000000014'),
(401,1,'2026-03-09','14:00:00','15:00:00','Musicoterapia',NULL,1,1,'aa000000-0000-0000-0000-000000000014'),
(402,1,'2026-03-10','14:00:00','15:00:00','Musicoterapia',NULL,1,1,'aa000000-0000-0000-0000-000000000014'),
(403,1,'2026-03-11','14:00:00','15:00:00','Musicoterapia',NULL,1,1,'aa000000-0000-0000-0000-000000000014'),
(404,1,'2026-03-12','14:00:00','15:00:00','Musicoterapia',NULL,1,1,'aa000000-0000-0000-0000-000000000014'),
(405,1,'2026-03-13','14:00:00','15:00:00','Musicoterapia',NULL,1,1,'aa000000-0000-0000-0000-000000000014'),
(406,1,'2026-03-16','14:00:00','15:00:00','Musicoterapia',NULL,1,1,'aa000000-0000-0000-0000-000000000014'),
(407,1,'2026-03-17','14:00:00','15:00:00','Musicoterapia',NULL,1,1,'aa000000-0000-0000-0000-000000000014'),
(408,1,'2026-03-18','14:00:00','15:00:00','Musicoterapia',NULL,1,1,'aa000000-0000-0000-0000-000000000014'),
(409,1,'2026-03-19','14:00:00','15:00:00','Musicoterapia',NULL,1,1,'aa000000-0000-0000-0000-000000000014'),
(410,1,'2026-03-20','14:00:00','15:00:00','Musicoterapia',NULL,1,1,'aa000000-0000-0000-0000-000000000014'),
(411,1,'2026-03-23','14:00:00','15:00:00','Musicoterapia',NULL,1,1,'aa000000-0000-0000-0000-000000000014'),
(412,1,'2026-03-24','14:00:00','15:00:00','Musicoterapia',NULL,1,1,'aa000000-0000-0000-0000-000000000014'),
(413,1,'2026-03-25','14:00:00','15:00:00','Musicoterapia',NULL,1,1,'aa000000-0000-0000-0000-000000000014'),
(414,1,'2026-03-26','14:00:00','15:00:00','Musicoterapia',NULL,1,1,'aa000000-0000-0000-0000-000000000014'),
(415,1,'2026-03-27','14:00:00','15:00:00','Musicoterapia',NULL,1,1,'aa000000-0000-0000-0000-000000000014'),
(416,1,'2026-03-30','14:00:00','15:00:00','Musicoterapia',NULL,1,1,'aa000000-0000-0000-0000-000000000014'),
(417,1,'2026-03-31','14:00:00','15:00:00','Musicoterapia',NULL,1,1,'aa000000-0000-0000-0000-000000000014'),
(418,1,'2026-04-01','14:00:00','15:00:00','Musicoterapia',NULL,1,1,'aa000000-0000-0000-0000-000000000014'),
(419,1,'2026-04-02','14:00:00','15:00:00','Musicoterapia',NULL,1,1,'aa000000-0000-0000-0000-000000000014'),
(420,1,'2026-04-03','14:00:00','15:00:00','Musicoterapia',NULL,1,1,'aa000000-0000-0000-0000-000000000014'),
(421,1,'2026-04-06','14:00:00','15:00:00','Musicoterapia',NULL,1,1,'aa000000-0000-0000-0000-000000000014'),
(422,1,'2026-04-07','14:00:00','15:00:00','Musicoterapia',NULL,1,1,'aa000000-0000-0000-0000-000000000014'),
(423,1,'2026-04-08','14:00:00','15:00:00','Musicoterapia',NULL,1,1,'aa000000-0000-0000-0000-000000000014'),
(424,1,'2026-04-09','14:00:00','15:00:00','Musicoterapia',NULL,1,1,'aa000000-0000-0000-0000-000000000014'),
(425,1,'2026-04-10','14:00:00','15:00:00','Musicoterapia',NULL,1,1,'aa000000-0000-0000-0000-000000000014'),
(426,1,'2026-04-13','14:00:00','15:00:00','Musicoterapia',NULL,1,1,'aa000000-0000-0000-0000-000000000014'),
(427,1,'2026-04-14','14:00:00','15:00:00','Musicoterapia',NULL,1,1,'aa000000-0000-0000-0000-000000000014'),
(428,1,'2026-04-15','14:00:00','15:00:00','Musicoterapia',NULL,1,1,'aa000000-0000-0000-0000-000000000014'),
(429,1,'2026-04-16','14:00:00','15:00:00','Musicoterapia',NULL,1,1,'aa000000-0000-0000-0000-000000000014'),
(430,1,'2026-04-17','14:00:00','15:00:00','Musicoterapia',NULL,1,1,'aa000000-0000-0000-0000-000000000014'),
(431,1,'2026-04-20','14:00:00','15:00:00','Musicoterapia',NULL,1,1,'aa000000-0000-0000-0000-000000000014'),
(432,1,'2026-04-21','14:00:00','15:00:00','Musicoterapia',NULL,1,1,'aa000000-0000-0000-0000-000000000014'),
(433,1,'2026-04-22','14:00:00','15:00:00','Musicoterapia',NULL,1,1,'aa000000-0000-0000-0000-000000000014'),
(434,1,'2026-04-23','14:00:00','15:00:00','Musicoterapia',NULL,1,1,'aa000000-0000-0000-0000-000000000014'),
(435,1,'2026-04-24','14:00:00','15:00:00','Musicoterapia',NULL,1,1,'aa000000-0000-0000-0000-000000000014'),
(436,1,'2026-04-27','14:00:00','15:00:00','Musicoterapia',NULL,1,1,'aa000000-0000-0000-0000-000000000014'),
(437,1,'2026-04-28','14:00:00','15:00:00','Musicoterapia',NULL,1,1,'aa000000-0000-0000-0000-000000000014'),
(438,1,'2026-04-29','14:00:00','15:00:00','Musicoterapia',NULL,1,1,'aa000000-0000-0000-0000-000000000014'),
(439,1,'2026-04-30','14:00:00','15:00:00','Musicoterapia',NULL,1,1,'aa000000-0000-0000-0000-000000000014'),
(440,1,'2026-05-01','14:00:00','15:00:00','Musicoterapia',NULL,1,1,'aa000000-0000-0000-0000-000000000014'),
(441,1,'2026-05-04','14:00:00','15:00:00','Musicoterapia',NULL,NULL,0,'aa000000-0000-0000-0000-000000000014'),
(442,1,'2026-05-05','14:00:00','15:00:00','Musicoterapia',NULL,NULL,0,'aa000000-0000-0000-0000-000000000014'),
(443,1,'2026-05-06','14:00:00','15:00:00','Musicoterapia',NULL,NULL,0,'aa000000-0000-0000-0000-000000000014'),
(444,1,'2026-05-07','14:00:00','15:00:00','Musicoterapia',NULL,NULL,0,'aa000000-0000-0000-0000-000000000014'),
(445,1,'2026-05-08','14:00:00','15:00:00','Musicoterapia',NULL,NULL,0,'aa000000-0000-0000-0000-000000000014'),
(446,1,'2026-05-11','14:00:00','15:00:00','Musicoterapia',NULL,NULL,0,'aa000000-0000-0000-0000-000000000014'),
(447,1,'2026-05-12','14:00:00','15:00:00','Musicoterapia',NULL,NULL,0,'aa000000-0000-0000-0000-000000000014'),
(448,1,'2026-05-13','14:00:00','15:00:00','Musicoterapia',NULL,NULL,0,'aa000000-0000-0000-0000-000000000014'),
(449,1,'2026-05-14','14:00:00','15:00:00','Musicoterapia',NULL,NULL,0,'aa000000-0000-0000-0000-000000000014'),
(450,1,'2026-05-15','14:00:00','15:00:00','Musicoterapia',NULL,NULL,0,'aa000000-0000-0000-0000-000000000014'),
(451,1,'2026-05-18','14:00:00','15:00:00','Musicoterapia',NULL,NULL,0,'aa000000-0000-0000-0000-000000000014'),
(452,1,'2026-05-19','14:00:00','15:00:00','Musicoterapia',NULL,NULL,0,'aa000000-0000-0000-0000-000000000014'),
(453,1,'2026-05-20','14:00:00','15:00:00','Musicoterapia',NULL,NULL,0,'aa000000-0000-0000-0000-000000000014'),
(454,1,'2026-05-21','14:00:00','15:00:00','Musicoterapia',NULL,NULL,0,'aa000000-0000-0000-0000-000000000014'),
(455,1,'2026-05-22','14:00:00','15:00:00','Musicoterapia',NULL,NULL,0,'aa000000-0000-0000-0000-000000000014'),
(456,1,'2026-05-25','14:00:00','15:00:00','Musicoterapia',NULL,NULL,0,'aa000000-0000-0000-0000-000000000014'),
(457,1,'2026-05-26','14:00:00','15:00:00','Musicoterapia',NULL,NULL,0,'aa000000-0000-0000-0000-000000000014'),
(458,1,'2026-05-27','14:00:00','15:00:00','Musicoterapia',NULL,NULL,0,'aa000000-0000-0000-0000-000000000014'),
(459,1,'2026-05-28','14:00:00','15:00:00','Musicoterapia',NULL,NULL,0,'aa000000-0000-0000-0000-000000000014'),
(460,1,'2026-05-29','14:00:00','15:00:00','Musicoterapia',NULL,NULL,0,'aa000000-0000-0000-0000-000000000014'),
-- 15:00 | Dra. Helena Castro
(461,1,'2026-03-02','15:00:00','16:00:00','Fonoaudiologia',NULL,1,1,'aa000000-0000-0000-0000-000000000015'),
(462,1,'2026-03-03','15:00:00','16:00:00','Fonoaudiologia',NULL,1,1,'aa000000-0000-0000-0000-000000000015'),
(463,1,'2026-03-04','15:00:00','16:00:00','Fonoaudiologia',NULL,1,1,'aa000000-0000-0000-0000-000000000015'),
(464,1,'2026-03-05','15:00:00','16:00:00','Fonoaudiologia',NULL,1,1,'aa000000-0000-0000-0000-000000000015'),
(465,1,'2026-03-06','15:00:00','16:00:00','Fonoaudiologia',NULL,1,1,'aa000000-0000-0000-0000-000000000015'),
(466,1,'2026-03-09','15:00:00','16:00:00','Fonoaudiologia',NULL,1,1,'aa000000-0000-0000-0000-000000000015'),
(467,1,'2026-03-10','15:00:00','16:00:00','Fonoaudiologia',NULL,1,1,'aa000000-0000-0000-0000-000000000015'),
(468,1,'2026-03-11','15:00:00','16:00:00','Fonoaudiologia',NULL,1,1,'aa000000-0000-0000-0000-000000000015'),
(469,1,'2026-03-12','15:00:00','16:00:00','Fonoaudiologia',NULL,1,1,'aa000000-0000-0000-0000-000000000015'),
(470,1,'2026-03-13','15:00:00','16:00:00','Fonoaudiologia',NULL,1,1,'aa000000-0000-0000-0000-000000000015'),
(471,1,'2026-03-16','15:00:00','16:00:00','Fonoaudiologia',NULL,1,1,'aa000000-0000-0000-0000-000000000015'),
(472,1,'2026-03-17','15:00:00','16:00:00','Fonoaudiologia',NULL,1,1,'aa000000-0000-0000-0000-000000000015'),
(473,1,'2026-03-18','15:00:00','16:00:00','Fonoaudiologia',NULL,1,1,'aa000000-0000-0000-0000-000000000015'),
(474,1,'2026-03-19','15:00:00','16:00:00','Fonoaudiologia',NULL,1,1,'aa000000-0000-0000-0000-000000000015'),
(475,1,'2026-03-20','15:00:00','16:00:00','Fonoaudiologia',NULL,1,1,'aa000000-0000-0000-0000-000000000015'),
(476,1,'2026-03-23','15:00:00','16:00:00','Fonoaudiologia',NULL,1,1,'aa000000-0000-0000-0000-000000000015'),
(477,1,'2026-03-24','15:00:00','16:00:00','Fonoaudiologia',NULL,1,1,'aa000000-0000-0000-0000-000000000015'),
(478,1,'2026-03-25','15:00:00','16:00:00','Fonoaudiologia',NULL,1,1,'aa000000-0000-0000-0000-000000000015'),
(479,1,'2026-03-26','15:00:00','16:00:00','Fonoaudiologia',NULL,1,1,'aa000000-0000-0000-0000-000000000015'),
(480,1,'2026-03-27','15:00:00','16:00:00','Fonoaudiologia',NULL,1,1,'aa000000-0000-0000-0000-000000000015'),
(481,1,'2026-03-30','15:00:00','16:00:00','Fonoaudiologia',NULL,1,1,'aa000000-0000-0000-0000-000000000015'),
(482,1,'2026-03-31','15:00:00','16:00:00','Fonoaudiologia',NULL,1,1,'aa000000-0000-0000-0000-000000000015'),
(483,1,'2026-04-01','15:00:00','16:00:00','Fonoaudiologia',NULL,1,1,'aa000000-0000-0000-0000-000000000015'),
(484,1,'2026-04-02','15:00:00','16:00:00','Fonoaudiologia',NULL,1,1,'aa000000-0000-0000-0000-000000000015'),
(485,1,'2026-04-03','15:00:00','16:00:00','Fonoaudiologia',NULL,1,1,'aa000000-0000-0000-0000-000000000015'),
(486,1,'2026-04-06','15:00:00','16:00:00','Fonoaudiologia',NULL,1,1,'aa000000-0000-0000-0000-000000000015'),
(487,1,'2026-04-07','15:00:00','16:00:00','Fonoaudiologia',NULL,1,1,'aa000000-0000-0000-0000-000000000015'),
(488,1,'2026-04-08','15:00:00','16:00:00','Fonoaudiologia',NULL,1,1,'aa000000-0000-0000-0000-000000000015'),
(489,1,'2026-04-09','15:00:00','16:00:00','Fonoaudiologia',NULL,1,1,'aa000000-0000-0000-0000-000000000015'),
(490,1,'2026-04-10','15:00:00','16:00:00','Fonoaudiologia',NULL,1,1,'aa000000-0000-0000-0000-000000000015'),
(491,1,'2026-04-13','15:00:00','16:00:00','Fonoaudiologia',NULL,1,1,'aa000000-0000-0000-0000-000000000015'),
(492,1,'2026-04-14','15:00:00','16:00:00','Fonoaudiologia',NULL,1,1,'aa000000-0000-0000-0000-000000000015'),
(493,1,'2026-04-15','15:00:00','16:00:00','Fonoaudiologia',NULL,1,1,'aa000000-0000-0000-0000-000000000015'),
(494,1,'2026-04-16','15:00:00','16:00:00','Fonoaudiologia',NULL,1,1,'aa000000-0000-0000-0000-000000000015'),
(495,1,'2026-04-17','15:00:00','16:00:00','Fonoaudiologia',NULL,1,1,'aa000000-0000-0000-0000-000000000015'),
(496,1,'2026-04-20','15:00:00','16:00:00','Fonoaudiologia',NULL,1,1,'aa000000-0000-0000-0000-000000000015'),
(497,1,'2026-04-21','15:00:00','16:00:00','Fonoaudiologia',NULL,1,1,'aa000000-0000-0000-0000-000000000015'),
(498,1,'2026-04-22','15:00:00','16:00:00','Fonoaudiologia',NULL,1,1,'aa000000-0000-0000-0000-000000000015'),
(499,1,'2026-04-23','15:00:00','16:00:00','Fonoaudiologia',NULL,1,1,'aa000000-0000-0000-0000-000000000015'),
(500,1,'2026-04-24','15:00:00','16:00:00','Fonoaudiologia',NULL,1,1,'aa000000-0000-0000-0000-000000000015'),
(501,1,'2026-04-27','15:00:00','16:00:00','Fonoaudiologia',NULL,1,1,'aa000000-0000-0000-0000-000000000015'),
(502,1,'2026-04-28','15:00:00','16:00:00','Fonoaudiologia',NULL,1,1,'aa000000-0000-0000-0000-000000000015'),
(503,1,'2026-04-29','15:00:00','16:00:00','Fonoaudiologia',NULL,1,1,'aa000000-0000-0000-0000-000000000015'),
(504,1,'2026-04-30','15:00:00','16:00:00','Fonoaudiologia',NULL,1,1,'aa000000-0000-0000-0000-000000000015'),
(505,1,'2026-05-01','15:00:00','16:00:00','Fonoaudiologia',NULL,1,1,'aa000000-0000-0000-0000-000000000015'),
(506,1,'2026-05-04','15:00:00','16:00:00','Fonoaudiologia',NULL,NULL,0,'aa000000-0000-0000-0000-000000000015'),
(507,1,'2026-05-05','15:00:00','16:00:00','Fonoaudiologia',NULL,NULL,0,'aa000000-0000-0000-0000-000000000015'),
(508,1,'2026-05-06','15:00:00','16:00:00','Fonoaudiologia',NULL,NULL,0,'aa000000-0000-0000-0000-000000000015'),
(509,1,'2026-05-07','15:00:00','16:00:00','Fonoaudiologia',NULL,NULL,0,'aa000000-0000-0000-0000-000000000015'),
(510,1,'2026-05-08','15:00:00','16:00:00','Fonoaudiologia',NULL,NULL,0,'aa000000-0000-0000-0000-000000000015'),
(511,1,'2026-05-11','15:00:00','16:00:00','Fonoaudiologia',NULL,NULL,0,'aa000000-0000-0000-0000-000000000015'),
(512,1,'2026-05-12','15:00:00','16:00:00','Fonoaudiologia',NULL,NULL,0,'aa000000-0000-0000-0000-000000000015'),
(513,1,'2026-05-13','15:00:00','16:00:00','Fonoaudiologia',NULL,NULL,0,'aa000000-0000-0000-0000-000000000015'),
(514,1,'2026-05-14','15:00:00','16:00:00','Fonoaudiologia',NULL,NULL,0,'aa000000-0000-0000-0000-000000000015'),
(515,1,'2026-05-15','15:00:00','16:00:00','Fonoaudiologia',NULL,NULL,0,'aa000000-0000-0000-0000-000000000015'),
(516,1,'2026-05-18','15:00:00','16:00:00','Fonoaudiologia',NULL,NULL,0,'aa000000-0000-0000-0000-000000000015'),
(517,1,'2026-05-19','15:00:00','16:00:00','Fonoaudiologia',NULL,NULL,0,'aa000000-0000-0000-0000-000000000015'),
(518,1,'2026-05-20','15:00:00','16:00:00','Fonoaudiologia',NULL,NULL,0,'aa000000-0000-0000-0000-000000000015'),
(519,1,'2026-05-21','15:00:00','16:00:00','Fonoaudiologia',NULL,NULL,0,'aa000000-0000-0000-0000-000000000015'),
(520,1,'2026-05-22','15:00:00','16:00:00','Fonoaudiologia',NULL,NULL,0,'aa000000-0000-0000-0000-000000000015'),
(521,1,'2026-05-25','15:00:00','16:00:00','Fonoaudiologia',NULL,NULL,0,'aa000000-0000-0000-0000-000000000015'),
(522,1,'2026-05-26','15:00:00','16:00:00','Fonoaudiologia',NULL,NULL,0,'aa000000-0000-0000-0000-000000000015'),
(523,1,'2026-05-27','15:00:00','16:00:00','Fonoaudiologia',NULL,NULL,0,'aa000000-0000-0000-0000-000000000015'),
(524,1,'2026-05-28','15:00:00','16:00:00','Fonoaudiologia',NULL,NULL,0,'aa000000-0000-0000-0000-000000000015'),
(525,1,'2026-05-29','15:00:00','16:00:00','Fonoaudiologia',NULL,NULL,0,'aa000000-0000-0000-0000-000000000015'),
-- 16:00 | Marcos Ribeiro
(526,1,'2026-03-02','16:00:00','17:00:00','Fonoaudiologia',NULL,1,1,'aa000000-0000-0000-0000-000000000016'),
(527,1,'2026-03-03','16:00:00','17:00:00','Fonoaudiologia',NULL,1,1,'aa000000-0000-0000-0000-000000000016'),
(528,1,'2026-03-04','16:00:00','17:00:00','Fonoaudiologia',NULL,1,1,'aa000000-0000-0000-0000-000000000016'),
(529,1,'2026-03-05','16:00:00','17:00:00','Fonoaudiologia',NULL,1,1,'aa000000-0000-0000-0000-000000000016'),
(530,1,'2026-03-06','16:00:00','17:00:00','Fonoaudiologia',NULL,1,1,'aa000000-0000-0000-0000-000000000016'),
(531,1,'2026-03-09','16:00:00','17:00:00','Fonoaudiologia',NULL,1,1,'aa000000-0000-0000-0000-000000000016'),
(532,1,'2026-03-10','16:00:00','17:00:00','Fonoaudiologia',NULL,1,1,'aa000000-0000-0000-0000-000000000016'),
(533,1,'2026-03-11','16:00:00','17:00:00','Fonoaudiologia',NULL,1,1,'aa000000-0000-0000-0000-000000000016'),
(534,1,'2026-03-12','16:00:00','17:00:00','Fonoaudiologia',NULL,1,1,'aa000000-0000-0000-0000-000000000016'),
(535,1,'2026-03-13','16:00:00','17:00:00','Fonoaudiologia',NULL,1,1,'aa000000-0000-0000-0000-000000000016'),
(536,1,'2026-03-16','16:00:00','17:00:00','Fonoaudiologia',NULL,1,1,'aa000000-0000-0000-0000-000000000016'),
(537,1,'2026-03-17','16:00:00','17:00:00','Fonoaudiologia',NULL,1,1,'aa000000-0000-0000-0000-000000000016'),
(538,1,'2026-03-18','16:00:00','17:00:00','Fonoaudiologia',NULL,1,1,'aa000000-0000-0000-0000-000000000016'),
(539,1,'2026-03-19','16:00:00','17:00:00','Fonoaudiologia',NULL,1,1,'aa000000-0000-0000-0000-000000000016'),
(540,1,'2026-03-20','16:00:00','17:00:00','Fonoaudiologia',NULL,1,1,'aa000000-0000-0000-0000-000000000016'),
(541,1,'2026-03-23','16:00:00','17:00:00','Fonoaudiologia',NULL,1,1,'aa000000-0000-0000-0000-000000000016'),
(542,1,'2026-03-24','16:00:00','17:00:00','Fonoaudiologia',NULL,1,1,'aa000000-0000-0000-0000-000000000016'),
(543,1,'2026-03-25','16:00:00','17:00:00','Fonoaudiologia',NULL,1,1,'aa000000-0000-0000-0000-000000000016'),
(544,1,'2026-03-26','16:00:00','17:00:00','Fonoaudiologia',NULL,1,1,'aa000000-0000-0000-0000-000000000016'),
(545,1,'2026-03-27','16:00:00','17:00:00','Fonoaudiologia',NULL,1,1,'aa000000-0000-0000-0000-000000000016'),
(546,1,'2026-03-30','16:00:00','17:00:00','Fonoaudiologia',NULL,1,1,'aa000000-0000-0000-0000-000000000016'),
(547,1,'2026-03-31','16:00:00','17:00:00','Fonoaudiologia',NULL,1,1,'aa000000-0000-0000-0000-000000000016'),
(548,1,'2026-04-01','16:00:00','17:00:00','Fonoaudiologia',NULL,1,1,'aa000000-0000-0000-0000-000000000016'),
(549,1,'2026-04-02','16:00:00','17:00:00','Fonoaudiologia',NULL,1,1,'aa000000-0000-0000-0000-000000000016'),
(550,1,'2026-04-03','16:00:00','17:00:00','Fonoaudiologia',NULL,1,1,'aa000000-0000-0000-0000-000000000016'),
(551,1,'2026-04-06','16:00:00','17:00:00','Fonoaudiologia',NULL,1,1,'aa000000-0000-0000-0000-000000000016'),
(552,1,'2026-04-07','16:00:00','17:00:00','Fonoaudiologia',NULL,1,1,'aa000000-0000-0000-0000-000000000016'),
(553,1,'2026-04-08','16:00:00','17:00:00','Fonoaudiologia',NULL,1,1,'aa000000-0000-0000-0000-000000000016'),
(554,1,'2026-04-09','16:00:00','17:00:00','Fonoaudiologia',NULL,1,1,'aa000000-0000-0000-0000-000000000016'),
(555,1,'2026-04-10','16:00:00','17:00:00','Fonoaudiologia',NULL,1,1,'aa000000-0000-0000-0000-000000000016'),
(556,1,'2026-04-13','16:00:00','17:00:00','Fonoaudiologia',NULL,1,1,'aa000000-0000-0000-0000-000000000016'),
(557,1,'2026-04-14','16:00:00','17:00:00','Fonoaudiologia',NULL,1,1,'aa000000-0000-0000-0000-000000000016'),
(558,1,'2026-04-15','16:00:00','17:00:00','Fonoaudiologia',NULL,1,1,'aa000000-0000-0000-0000-000000000016'),
(559,1,'2026-04-16','16:00:00','17:00:00','Fonoaudiologia',NULL,1,1,'aa000000-0000-0000-0000-000000000016'),
(560,1,'2026-04-17','16:00:00','17:00:00','Fonoaudiologia',NULL,1,1,'aa000000-0000-0000-0000-000000000016'),
(561,1,'2026-04-20','16:00:00','17:00:00','Fonoaudiologia',NULL,1,1,'aa000000-0000-0000-0000-000000000016'),
(562,1,'2026-04-21','16:00:00','17:00:00','Fonoaudiologia',NULL,1,1,'aa000000-0000-0000-0000-000000000016'),
(563,1,'2026-04-22','16:00:00','17:00:00','Fonoaudiologia',NULL,1,1,'aa000000-0000-0000-0000-000000000016'),
(564,1,'2026-04-23','16:00:00','17:00:00','Fonoaudiologia',NULL,1,1,'aa000000-0000-0000-0000-000000000016'),
(565,1,'2026-04-24','16:00:00','17:00:00','Fonoaudiologia',NULL,1,1,'aa000000-0000-0000-0000-000000000016'),
(566,1,'2026-04-27','16:00:00','17:00:00','Fonoaudiologia',NULL,1,1,'aa000000-0000-0000-0000-000000000016'),
(567,1,'2026-04-28','16:00:00','17:00:00','Fonoaudiologia',NULL,1,1,'aa000000-0000-0000-0000-000000000016'),
(568,1,'2026-04-29','16:00:00','17:00:00','Fonoaudiologia',NULL,1,1,'aa000000-0000-0000-0000-000000000016'),
(569,1,'2026-04-30','16:00:00','17:00:00','Fonoaudiologia',NULL,1,1,'aa000000-0000-0000-0000-000000000016'),
(570,1,'2026-05-01','16:00:00','17:00:00','Fonoaudiologia',NULL,1,1,'aa000000-0000-0000-0000-000000000016'),
(571,1,'2026-05-04','16:00:00','17:00:00','Fonoaudiologia',NULL,NULL,0,'aa000000-0000-0000-0000-000000000016'),
(572,1,'2026-05-05','16:00:00','17:00:00','Fonoaudiologia',NULL,NULL,0,'aa000000-0000-0000-0000-000000000016'),
(573,1,'2026-05-06','16:00:00','17:00:00','Fonoaudiologia',NULL,NULL,0,'aa000000-0000-0000-0000-000000000016'),
(574,1,'2026-05-07','16:00:00','17:00:00','Fonoaudiologia',NULL,NULL,0,'aa000000-0000-0000-0000-000000000016'),
(575,1,'2026-05-08','16:00:00','17:00:00','Fonoaudiologia',NULL,NULL,0,'aa000000-0000-0000-0000-000000000016'),
(576,1,'2026-05-11','16:00:00','17:00:00','Fonoaudiologia',NULL,NULL,0,'aa000000-0000-0000-0000-000000000016'),
(577,1,'2026-05-12','16:00:00','17:00:00','Fonoaudiologia',NULL,NULL,0,'aa000000-0000-0000-0000-000000000016'),
(578,1,'2026-05-13','16:00:00','17:00:00','Fonoaudiologia',NULL,NULL,0,'aa000000-0000-0000-0000-000000000016'),
(579,1,'2026-05-14','16:00:00','17:00:00','Fonoaudiologia',NULL,NULL,0,'aa000000-0000-0000-0000-000000000016'),
(580,1,'2026-05-15','16:00:00','17:00:00','Fonoaudiologia',NULL,NULL,0,'aa000000-0000-0000-0000-000000000016'),
(581,1,'2026-05-18','16:00:00','17:00:00','Fonoaudiologia',NULL,NULL,0,'aa000000-0000-0000-0000-000000000016'),
(582,1,'2026-05-19','16:00:00','17:00:00','Fonoaudiologia',NULL,NULL,0,'aa000000-0000-0000-0000-000000000016'),
(583,1,'2026-05-20','16:00:00','17:00:00','Fonoaudiologia',NULL,NULL,0,'aa000000-0000-0000-0000-000000000016'),
(584,1,'2026-05-21','16:00:00','17:00:00','Fonoaudiologia',NULL,NULL,0,'aa000000-0000-0000-0000-000000000016'),
(585,1,'2026-05-22','16:00:00','17:00:00','Fonoaudiologia',NULL,NULL,0,'aa000000-0000-0000-0000-000000000016'),
(586,1,'2026-05-25','16:00:00','17:00:00','Fonoaudiologia',NULL,NULL,0,'aa000000-0000-0000-0000-000000000016'),
(587,1,'2026-05-26','16:00:00','17:00:00','Fonoaudiologia',NULL,NULL,0,'aa000000-0000-0000-0000-000000000016'),
(588,1,'2026-05-27','16:00:00','17:00:00','Fonoaudiologia',NULL,NULL,0,'aa000000-0000-0000-0000-000000000016'),
(589,1,'2026-05-28','16:00:00','17:00:00','Fonoaudiologia',NULL,NULL,0,'aa000000-0000-0000-0000-000000000016'),
(590,1,'2026-05-29','16:00:00','17:00:00','Fonoaudiologia',NULL,NULL,0,'aa000000-0000-0000-0000-000000000016'),
-- 17:00 | Vitor Almeida
(591,1,'2026-03-02','17:00:00','18:00:00','Avaliação de Rotina',NULL,1,1,'aa000000-0000-0000-0000-000000000017'),
(592,1,'2026-03-03','17:00:00','18:00:00','Avaliação de Rotina',NULL,1,1,'aa000000-0000-0000-0000-000000000017'),
(593,1,'2026-03-04','17:00:00','18:00:00','Avaliação de Rotina',NULL,1,1,'aa000000-0000-0000-0000-000000000017'),
(594,1,'2026-03-05','17:00:00','18:00:00','Avaliação de Rotina',NULL,1,1,'aa000000-0000-0000-0000-000000000017'),
(595,1,'2026-03-06','17:00:00','18:00:00','Avaliação de Rotina',NULL,1,1,'aa000000-0000-0000-0000-000000000017'),
(596,1,'2026-03-09','17:00:00','18:00:00','Avaliação de Rotina',NULL,1,1,'aa000000-0000-0000-0000-000000000017'),
(597,1,'2026-03-10','17:00:00','18:00:00','Avaliação de Rotina',NULL,1,1,'aa000000-0000-0000-0000-000000000017'),
(598,1,'2026-03-11','17:00:00','18:00:00','Avaliação de Rotina',NULL,1,1,'aa000000-0000-0000-0000-000000000017'),
(599,1,'2026-03-12','17:00:00','18:00:00','Avaliação de Rotina',NULL,1,1,'aa000000-0000-0000-0000-000000000017'),
(600,1,'2026-03-13','17:00:00','18:00:00','Avaliação de Rotina',NULL,1,1,'aa000000-0000-0000-0000-000000000017'),
(601,1,'2026-03-16','17:00:00','18:00:00','Avaliação de Rotina',NULL,1,1,'aa000000-0000-0000-0000-000000000017'),
(602,1,'2026-03-17','17:00:00','18:00:00','Avaliação de Rotina',NULL,1,1,'aa000000-0000-0000-0000-000000000017'),
(603,1,'2026-03-18','17:00:00','18:00:00','Avaliação de Rotina',NULL,1,1,'aa000000-0000-0000-0000-000000000017'),
(604,1,'2026-03-19','17:00:00','18:00:00','Avaliação de Rotina',NULL,1,1,'aa000000-0000-0000-0000-000000000017'),
(605,1,'2026-03-20','17:00:00','18:00:00','Avaliação de Rotina',NULL,1,1,'aa000000-0000-0000-0000-000000000017'),
(606,1,'2026-03-23','17:00:00','18:00:00','Avaliação de Rotina',NULL,1,1,'aa000000-0000-0000-0000-000000000017'),
(607,1,'2026-03-24','17:00:00','18:00:00','Avaliação de Rotina',NULL,1,1,'aa000000-0000-0000-0000-000000000017'),
(608,1,'2026-03-25','17:00:00','18:00:00','Avaliação de Rotina',NULL,1,1,'aa000000-0000-0000-0000-000000000017'),
(609,1,'2026-03-26','17:00:00','18:00:00','Avaliação de Rotina',NULL,1,1,'aa000000-0000-0000-0000-000000000017'),
(610,1,'2026-03-27','17:00:00','18:00:00','Avaliação de Rotina',NULL,1,1,'aa000000-0000-0000-0000-000000000017'),
(611,1,'2026-03-30','17:00:00','18:00:00','Avaliação de Rotina',NULL,1,1,'aa000000-0000-0000-0000-000000000017'),
(612,1,'2026-03-31','17:00:00','18:00:00','Avaliação de Rotina',NULL,1,1,'aa000000-0000-0000-0000-000000000017'),
(613,1,'2026-04-01','17:00:00','18:00:00','Avaliação de Rotina',NULL,1,1,'aa000000-0000-0000-0000-000000000017'),
(614,1,'2026-04-02','17:00:00','18:00:00','Avaliação de Rotina',NULL,1,1,'aa000000-0000-0000-0000-000000000017'),
(615,1,'2026-04-03','17:00:00','18:00:00','Avaliação de Rotina',NULL,1,1,'aa000000-0000-0000-0000-000000000017'),
(616,1,'2026-04-06','17:00:00','18:00:00','Avaliação de Rotina',NULL,1,1,'aa000000-0000-0000-0000-000000000017'),
(617,1,'2026-04-07','17:00:00','18:00:00','Avaliação de Rotina',NULL,1,1,'aa000000-0000-0000-0000-000000000017'),
(618,1,'2026-04-08','17:00:00','18:00:00','Avaliação de Rotina',NULL,1,1,'aa000000-0000-0000-0000-000000000017'),
(619,1,'2026-04-09','17:00:00','18:00:00','Avaliação de Rotina',NULL,1,1,'aa000000-0000-0000-0000-000000000017'),
(620,1,'2026-04-10','17:00:00','18:00:00','Avaliação de Rotina',NULL,1,1,'aa000000-0000-0000-0000-000000000017'),
(621,1,'2026-04-13','17:00:00','18:00:00','Avaliação de Rotina',NULL,1,1,'aa000000-0000-0000-0000-000000000017'),
(622,1,'2026-04-14','17:00:00','18:00:00','Avaliação de Rotina',NULL,1,1,'aa000000-0000-0000-0000-000000000017'),
(623,1,'2026-04-15','17:00:00','18:00:00','Avaliação de Rotina',NULL,1,1,'aa000000-0000-0000-0000-000000000017'),
(624,1,'2026-04-16','17:00:00','18:00:00','Avaliação de Rotina',NULL,1,1,'aa000000-0000-0000-0000-000000000017'),
(625,1,'2026-04-17','17:00:00','18:00:00','Avaliação de Rotina',NULL,1,1,'aa000000-0000-0000-0000-000000000017'),
(626,1,'2026-04-20','17:00:00','18:00:00','Avaliação de Rotina',NULL,1,1,'aa000000-0000-0000-0000-000000000017'),
(627,1,'2026-04-21','17:00:00','18:00:00','Avaliação de Rotina',NULL,1,1,'aa000000-0000-0000-0000-000000000017'),
(628,1,'2026-04-22','17:00:00','18:00:00','Avaliação de Rotina',NULL,1,1,'aa000000-0000-0000-0000-000000000017'),
(629,1,'2026-04-23','17:00:00','18:00:00','Avaliação de Rotina',NULL,1,1,'aa000000-0000-0000-0000-000000000017'),
(630,1,'2026-04-24','17:00:00','18:00:00','Avaliação de Rotina',NULL,1,1,'aa000000-0000-0000-0000-000000000017'),
(631,1,'2026-04-27','17:00:00','18:00:00','Avaliação de Rotina',NULL,1,1,'aa000000-0000-0000-0000-000000000017'),
(632,1,'2026-04-28','17:00:00','18:00:00','Avaliação de Rotina',NULL,1,1,'aa000000-0000-0000-0000-000000000017'),
(633,1,'2026-04-29','17:00:00','18:00:00','Avaliação de Rotina',NULL,1,1,'aa000000-0000-0000-0000-000000000017'),
(634,1,'2026-04-30','17:00:00','18:00:00','Avaliação de Rotina',NULL,1,1,'aa000000-0000-0000-0000-000000000017'),
(635,1,'2026-05-01','17:00:00','18:00:00','Avaliação de Rotina',NULL,1,1,'aa000000-0000-0000-0000-000000000017'),
(636,1,'2026-05-04','17:00:00','18:00:00','Avaliação de Rotina',NULL,NULL,0,'aa000000-0000-0000-0000-000000000017'),
(637,1,'2026-05-05','17:00:00','18:00:00','Avaliação de Rotina',NULL,NULL,0,'aa000000-0000-0000-0000-000000000017'),
(638,1,'2026-05-06','17:00:00','18:00:00','Avaliação de Rotina',NULL,NULL,0,'aa000000-0000-0000-0000-000000000017'),
(639,1,'2026-05-07','17:00:00','18:00:00','Avaliação de Rotina',NULL,NULL,0,'aa000000-0000-0000-0000-000000000017'),
(640,1,'2026-05-08','17:00:00','18:00:00','Avaliação de Rotina',NULL,NULL,0,'aa000000-0000-0000-0000-000000000017'),
(641,1,'2026-05-11','17:00:00','18:00:00','Avaliação de Rotina',NULL,NULL,0,'aa000000-0000-0000-0000-000000000017'),
(642,1,'2026-05-12','17:00:00','18:00:00','Avaliação de Rotina',NULL,NULL,0,'aa000000-0000-0000-0000-000000000017'),
(643,1,'2026-05-13','17:00:00','18:00:00','Avaliação de Rotina',NULL,NULL,0,'aa000000-0000-0000-0000-000000000017'),
(644,1,'2026-05-14','17:00:00','18:00:00','Avaliação de Rotina',NULL,NULL,0,'aa000000-0000-0000-0000-000000000017'),
(645,1,'2026-05-15','17:00:00','18:00:00','Avaliação de Rotina',NULL,NULL,0,'aa000000-0000-0000-0000-000000000017'),
(646,1,'2026-05-18','17:00:00','18:00:00','Avaliação de Rotina',NULL,NULL,0,'aa000000-0000-0000-0000-000000000017'),
(647,1,'2026-05-19','17:00:00','18:00:00','Avaliação de Rotina',NULL,NULL,0,'aa000000-0000-0000-0000-000000000017'),
(648,1,'2026-05-20','17:00:00','18:00:00','Avaliação de Rotina',NULL,NULL,0,'aa000000-0000-0000-0000-000000000017'),
(649,1,'2026-05-21','17:00:00','18:00:00','Avaliação de Rotina',NULL,NULL,0,'aa000000-0000-0000-0000-000000000017'),
(650,1,'2026-05-22','17:00:00','18:00:00','Avaliação de Rotina',NULL,NULL,0,'aa000000-0000-0000-0000-000000000017'),
(651,1,'2026-05-25','17:00:00','18:00:00','Avaliação de Rotina',NULL,NULL,0,'aa000000-0000-0000-0000-000000000017'),
(652,1,'2026-05-26','17:00:00','18:00:00','Avaliação de Rotina',NULL,NULL,0,'aa000000-0000-0000-0000-000000000017'),
(653,1,'2026-05-27','17:00:00','18:00:00','Avaliação de Rotina',NULL,NULL,0,'aa000000-0000-0000-0000-000000000017'),
(654,1,'2026-05-28','17:00:00','18:00:00','Avaliação de Rotina',NULL,NULL,0,'aa000000-0000-0000-0000-000000000017'),
(655,1,'2026-05-29','17:00:00','18:00:00','Avaliação de Rotina',NULL,NULL,0,'aa000000-0000-0000-0000-000000000017'),
-- 18:00 | Juliana Almeida
(656,1,'2026-03-02','18:00:00','19:00:00','Sessão Regular',NULL,1,1,'aa000000-0000-0000-0000-000000000018'),
(657,1,'2026-03-03','18:00:00','19:00:00','Sessão Regular',NULL,1,1,'aa000000-0000-0000-0000-000000000018'),
(658,1,'2026-03-04','18:00:00','19:00:00','Sessão Regular',NULL,1,1,'aa000000-0000-0000-0000-000000000018'),
(659,1,'2026-03-05','18:00:00','19:00:00','Sessão Regular',NULL,1,1,'aa000000-0000-0000-0000-000000000018'),
(660,1,'2026-03-06','18:00:00','19:00:00','Sessão Regular',NULL,1,1,'aa000000-0000-0000-0000-000000000018'),
(661,1,'2026-03-09','18:00:00','19:00:00','Sessão Regular',NULL,1,1,'aa000000-0000-0000-0000-000000000018'),
(662,1,'2026-03-10','18:00:00','19:00:00','Sessão Regular',NULL,1,1,'aa000000-0000-0000-0000-000000000018'),
(663,1,'2026-03-11','18:00:00','19:00:00','Sessão Regular',NULL,1,1,'aa000000-0000-0000-0000-000000000018'),
(664,1,'2026-03-12','18:00:00','19:00:00','Sessão Regular',NULL,1,1,'aa000000-0000-0000-0000-000000000018'),
(665,1,'2026-03-13','18:00:00','19:00:00','Sessão Regular',NULL,1,1,'aa000000-0000-0000-0000-000000000018'),
(666,1,'2026-03-16','18:00:00','19:00:00','Sessão Regular',NULL,1,1,'aa000000-0000-0000-0000-000000000018'),
(667,1,'2026-03-17','18:00:00','19:00:00','Sessão Regular',NULL,1,1,'aa000000-0000-0000-0000-000000000018'),
(668,1,'2026-03-18','18:00:00','19:00:00','Sessão Regular',NULL,1,1,'aa000000-0000-0000-0000-000000000018'),
(669,1,'2026-03-19','18:00:00','19:00:00','Sessão Regular',NULL,1,1,'aa000000-0000-0000-0000-000000000018'),
(670,1,'2026-03-20','18:00:00','19:00:00','Sessão Regular',NULL,1,1,'aa000000-0000-0000-0000-000000000018'),
(671,1,'2026-03-23','18:00:00','19:00:00','Sessão Regular',NULL,1,1,'aa000000-0000-0000-0000-000000000018'),
(672,1,'2026-03-24','18:00:00','19:00:00','Sessão Regular',NULL,1,1,'aa000000-0000-0000-0000-000000000018'),
(673,1,'2026-03-25','18:00:00','19:00:00','Sessão Regular',NULL,1,1,'aa000000-0000-0000-0000-000000000018'),
(674,1,'2026-03-26','18:00:00','19:00:00','Sessão Regular',NULL,1,1,'aa000000-0000-0000-0000-000000000018'),
(675,1,'2026-03-27','18:00:00','19:00:00','Sessão Regular',NULL,1,1,'aa000000-0000-0000-0000-000000000018'),
(676,1,'2026-03-30','18:00:00','19:00:00','Sessão Regular',NULL,1,1,'aa000000-0000-0000-0000-000000000018'),
(677,1,'2026-03-31','18:00:00','19:00:00','Sessão Regular',NULL,1,1,'aa000000-0000-0000-0000-000000000018'),
(678,1,'2026-04-01','18:00:00','19:00:00','Sessão Regular',NULL,1,1,'aa000000-0000-0000-0000-000000000018'),
(679,1,'2026-04-02','18:00:00','19:00:00','Sessão Regular',NULL,1,1,'aa000000-0000-0000-0000-000000000018'),
(680,1,'2026-04-03','18:00:00','19:00:00','Sessão Regular',NULL,1,1,'aa000000-0000-0000-0000-000000000018'),
(681,1,'2026-04-06','18:00:00','19:00:00','Sessão Regular',NULL,1,1,'aa000000-0000-0000-0000-000000000018'),
(682,1,'2026-04-07','18:00:00','19:00:00','Sessão Regular',NULL,1,1,'aa000000-0000-0000-0000-000000000018'),
(683,1,'2026-04-08','18:00:00','19:00:00','Sessão Regular',NULL,1,1,'aa000000-0000-0000-0000-000000000018'),
(684,1,'2026-04-09','18:00:00','19:00:00','Sessão Regular',NULL,1,1,'aa000000-0000-0000-0000-000000000018'),
(685,1,'2026-04-10','18:00:00','19:00:00','Sessão Regular',NULL,1,1,'aa000000-0000-0000-0000-000000000018'),
(686,1,'2026-04-13','18:00:00','19:00:00','Sessão Regular',NULL,1,1,'aa000000-0000-0000-0000-000000000018'),
(687,1,'2026-04-14','18:00:00','19:00:00','Sessão Regular',NULL,1,1,'aa000000-0000-0000-0000-000000000018'),
(688,1,'2026-04-15','18:00:00','19:00:00','Sessão Regular',NULL,1,1,'aa000000-0000-0000-0000-000000000018'),
(689,1,'2026-04-16','18:00:00','19:00:00','Sessão Regular',NULL,1,1,'aa000000-0000-0000-0000-000000000018'),
(690,1,'2026-04-17','18:00:00','19:00:00','Sessão Regular',NULL,1,1,'aa000000-0000-0000-0000-000000000018'),
(691,1,'2026-04-20','18:00:00','19:00:00','Sessão Regular',NULL,1,1,'aa000000-0000-0000-0000-000000000018'),
(692,1,'2026-04-21','18:00:00','19:00:00','Sessão Regular',NULL,1,1,'aa000000-0000-0000-0000-000000000018'),
(693,1,'2026-04-22','18:00:00','19:00:00','Sessão Regular',NULL,1,1,'aa000000-0000-0000-0000-000000000018'),
(694,1,'2026-04-23','18:00:00','19:00:00','Sessão Regular',NULL,1,1,'aa000000-0000-0000-0000-000000000018'),
(695,1,'2026-04-24','18:00:00','19:00:00','Sessão Regular',NULL,1,1,'aa000000-0000-0000-0000-000000000018'),
(696,1,'2026-04-27','18:00:00','19:00:00','Sessão Regular',NULL,1,1,'aa000000-0000-0000-0000-000000000018'),
(697,1,'2026-04-28','18:00:00','19:00:00','Sessão Regular',NULL,1,1,'aa000000-0000-0000-0000-000000000018'),
(698,1,'2026-04-29','18:00:00','19:00:00','Sessão Regular',NULL,1,1,'aa000000-0000-0000-0000-000000000018'),
(699,1,'2026-04-30','18:00:00','19:00:00','Sessão Regular',NULL,1,1,'aa000000-0000-0000-0000-000000000018'),
(700,1,'2026-05-01','18:00:00','19:00:00','Sessão Regular',NULL,1,1,'aa000000-0000-0000-0000-000000000018'),
(701,1,'2026-05-04','18:00:00','19:00:00','Sessão Regular',NULL,NULL,0,'aa000000-0000-0000-0000-000000000018'),
(702,1,'2026-05-05','18:00:00','19:00:00','Sessão Regular',NULL,NULL,0,'aa000000-0000-0000-0000-000000000018'),
(703,1,'2026-05-06','18:00:00','19:00:00','Sessão Regular',NULL,NULL,0,'aa000000-0000-0000-0000-000000000018'),
(704,1,'2026-05-07','18:00:00','19:00:00','Sessão Regular',NULL,NULL,0,'aa000000-0000-0000-0000-000000000018'),
(705,1,'2026-05-08','18:00:00','19:00:00','Sessão Regular',NULL,NULL,0,'aa000000-0000-0000-0000-000000000018'),
(706,1,'2026-05-11','18:00:00','19:00:00','Sessão Regular',NULL,NULL,0,'aa000000-0000-0000-0000-000000000018'),
(707,1,'2026-05-12','18:00:00','19:00:00','Sessão Regular',NULL,NULL,0,'aa000000-0000-0000-0000-000000000018'),
(708,1,'2026-05-13','18:00:00','19:00:00','Sessão Regular',NULL,NULL,0,'aa000000-0000-0000-0000-000000000018'),
(709,1,'2026-05-14','18:00:00','19:00:00','Sessão Regular',NULL,NULL,0,'aa000000-0000-0000-0000-000000000018'),
(710,1,'2026-05-15','18:00:00','19:00:00','Sessão Regular',NULL,NULL,0,'aa000000-0000-0000-0000-000000000018'),
(711,1,'2026-05-18','18:00:00','19:00:00','Sessão Regular',NULL,NULL,0,'aa000000-0000-0000-0000-000000000018'),
(712,1,'2026-05-19','18:00:00','19:00:00','Sessão Regular',NULL,NULL,0,'aa000000-0000-0000-0000-000000000018'),
(713,1,'2026-05-20','18:00:00','19:00:00','Sessão Regular',NULL,NULL,0,'aa000000-0000-0000-0000-000000000018'),
(714,1,'2026-05-21','18:00:00','19:00:00','Sessão Regular',NULL,NULL,0,'aa000000-0000-0000-0000-000000000018'),
(715,1,'2026-05-22','18:00:00','19:00:00','Sessão Regular',NULL,NULL,0,'aa000000-0000-0000-0000-000000000018'),
(716,1,'2026-05-25','18:00:00','19:00:00','Sessão Regular',NULL,NULL,0,'aa000000-0000-0000-0000-000000000018'),
(717,1,'2026-05-26','18:00:00','19:00:00','Sessão Regular',NULL,NULL,0,'aa000000-0000-0000-0000-000000000018'),
(718,1,'2026-05-27','18:00:00','19:00:00','Sessão Regular',NULL,NULL,0,'aa000000-0000-0000-0000-000000000018'),
(719,1,'2026-05-28','18:00:00','19:00:00','Sessão Regular',NULL,NULL,0,'aa000000-0000-0000-0000-000000000018'),
(720,1,'2026-05-29','18:00:00','19:00:00','Sessão Regular',NULL,NULL,0,'aa000000-0000-0000-0000-000000000018');

INSERT INTO consulta_funcionario (id, consulta_id, funcionario_id) VALUES
-- 08:00 (ids 6–70) → func 5  Ana Paula Ferreira
(6,6,5),(7,7,5),(8,8,5),(9,9,5),(10,10,5),(11,11,5),(12,12,5),(13,13,5),(14,14,5),(15,15,5),(16,16,5),(17,17,5),(18,18,5),(19,19,5),(20,20,5),(21,21,5),(22,22,5),(23,23,5),(24,24,5),(25,25,5),(26,26,5),(27,27,5),(28,28,5),(29,29,5),(30,30,5),(31,31,5),(32,32,5),(33,33,5),(34,34,5),(35,35,5),(36,36,5),(37,37,5),(38,38,5),(39,39,5),(40,40,5),(41,41,5),(42,42,5),(43,43,5),(44,44,5),(45,45,5),(46,46,5),(47,47,5),(48,48,5),(49,49,5),(50,50,5),(51,51,5),(52,52,5),(53,53,5),(54,54,5),(55,55,5),(56,56,5),(57,57,5),(58,58,5),(59,59,5),(60,60,5),(61,61,5),(62,62,5),(63,63,5),(64,64,5),(65,65,5),(66,66,5),(67,67,5),(68,68,5),(69,69,5),(70,70,5),
-- 09:00 (ids 71–135) → func 6  Beatriz Souza
(71,71,6),(72,72,6),(73,73,6),(74,74,6),(75,75,6),(76,76,6),(77,77,6),(78,78,6),(79,79,6),(80,80,6),(81,81,6),(82,82,6),(83,83,6),(84,84,6),(85,85,6),(86,86,6),(87,87,6),(88,88,6),(89,89,6),(90,90,6),(91,91,6),(92,92,6),(93,93,6),(94,94,6),(95,95,6),(96,96,6),(97,97,6),(98,98,6),(99,99,6),(100,100,6),(101,101,6),(102,102,6),(103,103,6),(104,104,6),(105,105,6),(106,106,6),(107,107,6),(108,108,6),(109,109,6),(110,110,6),(111,111,6),(112,112,6),(113,113,6),(114,114,6),(115,115,6),(116,116,6),(117,117,6),(118,118,6),(119,119,6),(120,120,6),(121,121,6),(122,122,6),(123,123,6),(124,124,6),(125,125,6),(126,126,6),(127,127,6),(128,128,6),(129,129,6),(130,130,6),(131,131,6),(132,132,6),(133,133,6),(134,134,6),(135,135,6),
-- 10:00 (ids 136–200) → func 7  Camila Rocha
(136,136,7),(137,137,7),(138,138,7),(139,139,7),(140,140,7),(141,141,7),(142,142,7),(143,143,7),(144,144,7),(145,145,7),(146,146,7),(147,147,7),(148,148,7),(149,149,7),(150,150,7),(151,151,7),(152,152,7),(153,153,7),(154,154,7),(155,155,7),(156,156,7),(157,157,7),(158,158,7),(159,159,7),(160,160,7),(161,161,7),(162,162,7),(163,163,7),(164,164,7),(165,165,7),(166,166,7),(167,167,7),(168,168,7),(169,169,7),(170,170,7),(171,171,7),(172,172,7),(173,173,7),(174,174,7),(175,175,7),(176,176,7),(177,177,7),(178,178,7),(179,179,7),(180,180,7),(181,181,7),(182,182,7),(183,183,7),(184,184,7),(185,185,7),(186,186,7),(187,187,7),(188,188,7),(189,189,7),(190,190,7),(191,191,7),(192,192,7),(193,193,7),(194,194,7),(195,195,7),(196,196,7),(197,197,7),(198,198,7),(199,199,7),(200,200,7),
-- 11:00 (ids 201–265) → func 8  Diego Martins
(201,201,8),(202,202,8),(203,203,8),(204,204,8),(205,205,8),(206,206,8),(207,207,8),(208,208,8),(209,209,8),(210,210,8),(211,211,8),(212,212,8),(213,213,8),(214,214,8),(215,215,8),(216,216,8),(217,217,8),(218,218,8),(219,219,8),(220,220,8),(221,221,8),(222,222,8),(223,223,8),(224,224,8),(225,225,8),(226,226,8),(227,227,8),(228,228,8),(229,229,8),(230,230,8),(231,231,8),(232,232,8),(233,233,8),(234,234,8),(235,235,8),(236,236,8),(237,237,8),(238,238,8),(239,239,8),(240,240,8),(241,241,8),(242,242,8),(243,243,8),(244,244,8),(245,245,8),(246,246,8),(247,247,8),(248,248,8),(249,249,8),(250,250,8),(251,251,8),(252,252,8),(253,253,8),(254,254,8),(255,255,8),(256,256,8),(257,257,8),(258,258,8),(259,259,8),(260,260,8),(261,261,8),(262,262,8),(263,263,8),(264,264,8),(265,265,8),
-- 12:00 (ids 266–330) → func 9  Fernanda Lima
(266,266,9),(267,267,9),(268,268,9),(269,269,9),(270,270,9),(271,271,9),(272,272,9),(273,273,9),(274,274,9),(275,275,9),(276,276,9),(277,277,9),(278,278,9),(279,279,9),(280,280,9),(281,281,9),(282,282,9),(283,283,9),(284,284,9),(285,285,9),(286,286,9),(287,287,9),(288,288,9),(289,289,9),(290,290,9),(291,291,9),(292,292,9),(293,293,9),(294,294,9),(295,295,9),(296,296,9),(297,297,9),(298,298,9),(299,299,9),(300,300,9),(301,301,9),(302,302,9),(303,303,9),(304,304,9),(305,305,9),(306,306,9),(307,307,9),(308,308,9),(309,309,9),(310,310,9),(311,311,9),(312,312,9),(313,313,9),(314,314,9),(315,315,9),(316,316,9),(317,317,9),(318,318,9),(319,319,9),(320,320,9),(321,321,9),(322,322,9),(323,323,9),(324,324,9),(325,325,9),(326,326,9),(327,327,9),(328,328,9),(329,329,9),(330,330,9),
-- 13:00 (ids 331–395) → func 10  Gabriel Costa
(331,331,10),(332,332,10),(333,333,10),(334,334,10),(335,335,10),(336,336,10),(337,337,10),(338,338,10),(339,339,10),(340,340,10),(341,341,10),(342,342,10),(343,343,10),(344,344,10),(345,345,10),(346,346,10),(347,347,10),(348,348,10),(349,349,10),(350,350,10),(351,351,10),(352,352,10),(353,353,10),(354,354,10),(355,355,10),(356,356,10),(357,357,10),(358,358,10),(359,359,10),(360,360,10),(361,361,10),(362,362,10),(363,363,10),(364,364,10),(365,365,10),(366,366,10),(367,367,10),(368,368,10),(369,369,10),(370,370,10),(371,371,10),(372,372,10),(373,373,10),(374,374,10),(375,375,10),(376,376,10),(377,377,10),(378,378,10),(379,379,10),(380,380,10),(381,381,10),(382,382,10),(383,383,10),(384,384,10),(385,385,10),(386,386,10),(387,387,10),(388,388,10),(389,389,10),(390,390,10),(391,391,10),(392,392,10),(393,393,10),(394,394,10),(395,395,10),
-- 14:00 (ids 396–460) → func 11  Isabela Nunes
(396,396,11),(397,397,11),(398,398,11),(399,399,11),(400,400,11),(401,401,11),(402,402,11),(403,403,11),(404,404,11),(405,405,11),(406,406,11),(407,407,11),(408,408,11),(409,409,11),(410,410,11),(411,411,11),(412,412,11),(413,413,11),(414,414,11),(415,415,11),(416,416,11),(417,417,11),(418,418,11),(419,419,11),(420,420,11),(421,421,11),(422,422,11),(423,423,11),(424,424,11),(425,425,11),(426,426,11),(427,427,11),(428,428,11),(429,429,11),(430,430,11),(431,431,11),(432,432,11),(433,433,11),(434,434,11),(435,435,11),(436,436,11),(437,437,11),(438,438,11),(439,439,11),(440,440,11),(441,441,11),(442,442,11),(443,443,11),(444,444,11),(445,445,11),(446,446,11),(447,447,11),(448,448,11),(449,449,11),(450,450,11),(451,451,11),(452,452,11),(453,453,11),(454,454,11),(455,455,11),(456,456,11),(457,457,11),(458,458,11),(459,459,11),(460,460,11),
-- 15:00 (ids 461–525) → func 1  Dra. Helena Castro
(461,461,1),(462,462,1),(463,463,1),(464,464,1),(465,465,1),(466,466,1),(467,467,1),(468,468,1),(469,469,1),(470,470,1),(471,471,1),(472,472,1),(473,473,1),(474,474,1),(475,475,1),(476,476,1),(477,477,1),(478,478,1),(479,479,1),(480,480,1),(481,481,1),(482,482,1),(483,483,1),(484,484,1),(485,485,1),(486,486,1),(487,487,1),(488,488,1),(489,489,1),(490,490,1),(491,491,1),(492,492,1),(493,493,1),(494,494,1),(495,495,1),(496,496,1),(497,497,1),(498,498,1),(499,499,1),(500,500,1),(501,501,1),(502,502,1),(503,503,1),(504,504,1),(505,505,1),(506,506,1),(507,507,1),(508,508,1),(509,509,1),(510,510,1),(511,511,1),(512,512,1),(513,513,1),(514,514,1),(515,515,1),(516,516,1),(517,517,1),(518,518,1),(519,519,1),(520,520,1),(521,521,1),(522,522,1),(523,523,1),(524,524,1),(525,525,1),
-- 16:00 (ids 526–590) → func 3  Marcos Ribeiro
(526,526,3),(527,527,3),(528,528,3),(529,529,3),(530,530,3),(531,531,3),(532,532,3),(533,533,3),(534,534,3),(535,535,3),(536,536,3),(537,537,3),(538,538,3),(539,539,3),(540,540,3),(541,541,3),(542,542,3),(543,543,3),(544,544,3),(545,545,3),(546,546,3),(547,547,3),(548,548,3),(549,549,3),(550,550,3),(551,551,3),(552,552,3),(553,553,3),(554,554,3),(555,555,3),(556,556,3),(557,557,3),(558,558,3),(559,559,3),(560,560,3),(561,561,3),(562,562,3),(563,563,3),(564,564,3),(565,565,3),(566,566,3),(567,567,3),(568,568,3),(569,569,3),(570,570,3),(571,571,3),(572,572,3),(573,573,3),(574,574,3),(575,575,3),(576,576,3),(577,577,3),(578,578,3),(579,579,3),(580,580,3),(581,581,3),(582,582,3),(583,583,3),(584,584,3),(585,585,3),(586,586,3),(587,587,3),(588,588,3),(589,589,3),(590,590,3),
-- 17:00 (ids 591–655) → func 4  Vitor Almeida
(591,591,4),(592,592,4),(593,593,4),(594,594,4),(595,595,4),(596,596,4),(597,597,4),(598,598,4),(599,599,4),(600,600,4),(601,601,4),(602,602,4),(603,603,4),(604,604,4),(605,605,4),(606,606,4),(607,607,4),(608,608,4),(609,609,4),(610,610,4),(611,611,4),(612,612,4),(613,613,4),(614,614,4),(615,615,4),(616,616,4),(617,617,4),(618,618,4),(619,619,4),(620,620,4),(621,621,4),(622,622,4),(623,623,4),(624,624,4),(625,625,4),(626,626,4),(627,627,4),(628,628,4),(629,629,4),(630,630,4),(631,631,4),(632,632,4),(633,633,4),(634,634,4),(635,635,4),(636,636,4),(637,637,4),(638,638,4),(639,639,4),(640,640,4),(641,641,4),(642,642,4),(643,643,4),(644,644,4),(645,645,4),(646,646,4),(647,647,4),(648,648,4),(649,649,4),(650,650,4),(651,651,4),(652,652,4),(653,653,4),(654,654,4),(655,655,4),
-- 18:00 (ids 656–720) → func 2  Juliana Almeida
(656,656,2),(657,657,2),(658,658,2),(659,659,2),(660,660,2),(661,661,2),(662,662,2),(663,663,2),(664,664,2),(665,665,2),(666,666,2),(667,667,2),(668,668,2),(669,669,2),(670,670,2),(671,671,2),(672,672,2),(673,673,2),(674,674,2),(675,675,2),(676,676,2),(677,677,2),(678,678,2),(679,679,2),(680,680,2),(681,681,2),(682,682,2),(683,683,2),(684,684,2),(685,685,2),(686,686,2),(687,687,2),(688,688,2),(689,689,2),(690,690,2),(691,691,2),(692,692,2),(693,693,2),(694,694,2),(695,695,2),(696,696,2),(697,697,2),(698,698,2),(699,699,2),(700,700,2),(701,701,2),(702,702,2),(703,703,2),(704,704,2),(705,705,2),(706,706,2),(707,707,2),(708,708,2),(709,709,2),(710,710,2),(711,711,2),(712,712,2),(713,713,2),(714,714,2),(715,715,2),(716,716,2),(717,717,2),(718,718,2),(719,719,2),(720,720,2);

-- ===================================================
-- CONSULTAS PADRONIZADAS - Recorrência Diária (Mariana)
-- Período  : 27/04/2026 a 31/05/2026 (25 dias úteis)
-- Frequência: segunda a sexta | Paciente: Mariana (id=2)
-- Datas passadas (< 04/05/2026): presenca=1, confirmada=1
-- ===================================================

INSERT INTO consulta_prontuario (id, paciente_id, data, horario_inicio, horario_fim, tipo, observacoes_comportamentais, presenca, confirmada, recorrencia_id) VALUES
-- 09:00 | Marcos Ribeiro
(721,2,'2026-04-27','09:00:00','10:00:00','Fonoaudiologia',NULL,1,1,'bb000000-0000-0000-0000-000000000009'),
(722,2,'2026-04-28','09:00:00','10:00:00','Fonoaudiologia',NULL,1,1,'bb000000-0000-0000-0000-000000000009'),
(723,2,'2026-04-29','09:00:00','10:00:00','Fonoaudiologia',NULL,1,1,'bb000000-0000-0000-0000-000000000009'),
(724,2,'2026-04-30','09:00:00','10:00:00','Fonoaudiologia',NULL,1,1,'bb000000-0000-0000-0000-000000000009'),
(725,2,'2026-05-01','09:00:00','10:00:00','Fonoaudiologia',NULL,1,1,'bb000000-0000-0000-0000-000000000009'),
(726,2,'2026-05-04','09:00:00','10:00:00','Fonoaudiologia',NULL,NULL,0,'bb000000-0000-0000-0000-000000000009'),
(727,2,'2026-05-05','09:00:00','10:00:00','Fonoaudiologia',NULL,NULL,0,'bb000000-0000-0000-0000-000000000009'),
(728,2,'2026-05-06','09:00:00','10:00:00','Fonoaudiologia',NULL,NULL,0,'bb000000-0000-0000-0000-000000000009'),
(729,2,'2026-05-07','09:00:00','10:00:00','Fonoaudiologia',NULL,NULL,0,'bb000000-0000-0000-0000-000000000009'),
(730,2,'2026-05-08','09:00:00','10:00:00','Fonoaudiologia',NULL,NULL,0,'bb000000-0000-0000-0000-000000000009'),
(731,2,'2026-05-11','09:00:00','10:00:00','Fonoaudiologia',NULL,NULL,0,'bb000000-0000-0000-0000-000000000009'),
(732,2,'2026-05-12','09:00:00','10:00:00','Fonoaudiologia',NULL,NULL,0,'bb000000-0000-0000-0000-000000000009'),
(733,2,'2026-05-13','09:00:00','10:00:00','Fonoaudiologia',NULL,NULL,0,'bb000000-0000-0000-0000-000000000009'),
(734,2,'2026-05-14','09:00:00','10:00:00','Fonoaudiologia',NULL,NULL,0,'bb000000-0000-0000-0000-000000000009'),
(735,2,'2026-05-15','09:00:00','10:00:00','Fonoaudiologia',NULL,NULL,0,'bb000000-0000-0000-0000-000000000009'),
(736,2,'2026-05-18','09:00:00','10:00:00','Fonoaudiologia',NULL,NULL,0,'bb000000-0000-0000-0000-000000000009'),
(737,2,'2026-05-19','09:00:00','10:00:00','Fonoaudiologia',NULL,NULL,0,'bb000000-0000-0000-0000-000000000009'),
(738,2,'2026-05-20','09:00:00','10:00:00','Fonoaudiologia',NULL,NULL,0,'bb000000-0000-0000-0000-000000000009'),
(739,2,'2026-05-21','09:00:00','10:00:00','Fonoaudiologia',NULL,NULL,0,'bb000000-0000-0000-0000-000000000009'),
(740,2,'2026-05-22','09:00:00','10:00:00','Fonoaudiologia',NULL,NULL,0,'bb000000-0000-0000-0000-000000000009'),
(741,2,'2026-05-25','09:00:00','10:00:00','Fonoaudiologia',NULL,NULL,0,'bb000000-0000-0000-0000-000000000009'),
(742,2,'2026-05-26','09:00:00','10:00:00','Fonoaudiologia',NULL,NULL,0,'bb000000-0000-0000-0000-000000000009'),
(743,2,'2026-05-27','09:00:00','10:00:00','Fonoaudiologia',NULL,NULL,0,'bb000000-0000-0000-0000-000000000009'),
(744,2,'2026-05-28','09:00:00','10:00:00','Fonoaudiologia',NULL,NULL,0,'bb000000-0000-0000-0000-000000000009'),
(745,2,'2026-05-29','09:00:00','10:00:00','Fonoaudiologia',NULL,NULL,0,'bb000000-0000-0000-0000-000000000009'),
-- 11:00 | Gabriel Costa
(746,2,'2026-04-27','11:00:00','12:00:00','Psicomotricidade',NULL,1,1,'bb000000-0000-0000-0000-000000000011'),
(747,2,'2026-04-28','11:00:00','12:00:00','Psicomotricidade',NULL,1,1,'bb000000-0000-0000-0000-000000000011'),
(748,2,'2026-04-29','11:00:00','12:00:00','Psicomotricidade',NULL,1,1,'bb000000-0000-0000-0000-000000000011'),
(749,2,'2026-04-30','11:00:00','12:00:00','Psicomotricidade',NULL,1,1,'bb000000-0000-0000-0000-000000000011'),
(750,2,'2026-05-01','11:00:00','12:00:00','Psicomotricidade',NULL,1,1,'bb000000-0000-0000-0000-000000000011'),
(751,2,'2026-05-04','11:00:00','12:00:00','Psicomotricidade',NULL,NULL,0,'bb000000-0000-0000-0000-000000000011'),
(752,2,'2026-05-05','11:00:00','12:00:00','Psicomotricidade',NULL,NULL,0,'bb000000-0000-0000-0000-000000000011'),
(753,2,'2026-05-06','11:00:00','12:00:00','Psicomotricidade',NULL,NULL,0,'bb000000-0000-0000-0000-000000000011'),
(754,2,'2026-05-07','11:00:00','12:00:00','Psicomotricidade',NULL,NULL,0,'bb000000-0000-0000-0000-000000000011'),
(755,2,'2026-05-08','11:00:00','12:00:00','Psicomotricidade',NULL,NULL,0,'bb000000-0000-0000-0000-000000000011'),
(756,2,'2026-05-11','11:00:00','12:00:00','Psicomotricidade',NULL,NULL,0,'bb000000-0000-0000-0000-000000000011'),
(757,2,'2026-05-12','11:00:00','12:00:00','Psicomotricidade',NULL,NULL,0,'bb000000-0000-0000-0000-000000000011'),
(758,2,'2026-05-13','11:00:00','12:00:00','Psicomotricidade',NULL,NULL,0,'bb000000-0000-0000-0000-000000000011'),
(759,2,'2026-05-14','11:00:00','12:00:00','Psicomotricidade',NULL,NULL,0,'bb000000-0000-0000-0000-000000000011'),
(760,2,'2026-05-15','11:00:00','12:00:00','Psicomotricidade',NULL,NULL,0,'bb000000-0000-0000-0000-000000000011'),
(761,2,'2026-05-18','11:00:00','12:00:00','Psicomotricidade',NULL,NULL,0,'bb000000-0000-0000-0000-000000000011'),
(762,2,'2026-05-19','11:00:00','12:00:00','Psicomotricidade',NULL,NULL,0,'bb000000-0000-0000-0000-000000000011'),
(763,2,'2026-05-20','11:00:00','12:00:00','Psicomotricidade',NULL,NULL,0,'bb000000-0000-0000-0000-000000000011'),
(764,2,'2026-05-21','11:00:00','12:00:00','Psicomotricidade',NULL,NULL,0,'bb000000-0000-0000-0000-000000000011'),
(765,2,'2026-05-22','11:00:00','12:00:00','Psicomotricidade',NULL,NULL,0,'bb000000-0000-0000-0000-000000000011'),
(766,2,'2026-05-25','11:00:00','12:00:00','Psicomotricidade',NULL,NULL,0,'bb000000-0000-0000-0000-000000000011'),
(767,2,'2026-05-26','11:00:00','12:00:00','Psicomotricidade',NULL,NULL,0,'bb000000-0000-0000-0000-000000000011'),
(768,2,'2026-05-27','11:00:00','12:00:00','Psicomotricidade',NULL,NULL,0,'bb000000-0000-0000-0000-000000000011'),
(769,2,'2026-05-28','11:00:00','12:00:00','Psicomotricidade',NULL,NULL,0,'bb000000-0000-0000-0000-000000000011'),
(770,2,'2026-05-29','11:00:00','12:00:00','Psicomotricidade',NULL,NULL,0,'bb000000-0000-0000-0000-000000000011');

INSERT INTO consulta_funcionario (id, consulta_id, funcionario_id) VALUES
-- 09:00 Mariana (ids 721–745) → func 3 Marcos Ribeiro
(721,721,3),(722,722,3),(723,723,3),(724,724,3),(725,725,3),(726,726,3),(727,727,3),(728,728,3),(729,729,3),(730,730,3),(731,731,3),(732,732,3),(733,733,3),(734,734,3),(735,735,3),(736,736,3),(737,737,3),(738,738,3),(739,739,3),(740,740,3),(741,741,3),(742,742,3),(743,743,3),(744,744,3),(745,745,3),
-- 11:00 Mariana (ids 746–770) → func 10 Gabriel Costa
(746,746,10),(747,747,10),(748,748,10),(749,749,10),(750,750,10),(751,751,10),(752,752,10),(753,753,10),(754,754,10),(755,755,10),(756,756,10),(757,757,10),(758,758,10),(759,759,10),(760,760,10),(761,761,10),(762,762,10),(763,763,10),(764,764,10),(765,765,10),(766,766,10),(767,767,10),(768,768,10),(769,769,10),(770,770,10);

-- ===================================================
-- RECORRÊNCIAS DE TESTE — Vencendo semana 08–13/06/2026
-- Formato recorrencia_id: {UUID}-DD-MM-YYYY
-- Cron roda e detecta: dataFim extrai últimos 10 chars
-- ===================================================

-- Recorrência A — URGENTE (vence seg 08/06) | Paciente: Pedro (3) | Psicopedagogia (func 7)
INSERT INTO consulta_prontuario (id, paciente_id, data, horario_inicio, horario_fim, tipo, observacoes_comportamentais, presenca, confirmada, recorrencia_id) VALUES
(2001,3,'2026-06-08','10:00:00','11:00:00','Psicopedagogia',NULL,NULL,0,'cc000000-0000-0000-0000-000000000001-08-06-2026');

INSERT INTO consulta_funcionario (id, consulta_id, funcionario_id) VALUES
(2001,2001,7);

-- Recorrência B — ATENÇÃO (vence qua 10/06) | Paciente: Mariana (2) | Fisioterapia (func 9)
INSERT INTO consulta_prontuario (id, paciente_id, data, horario_inicio, horario_fim, tipo, observacoes_comportamentais, presenca, confirmada, recorrencia_id) VALUES
(2002,2,'2026-06-08','14:00:00','15:00:00','Fisioterapia',NULL,NULL,0,'cc000000-0000-0000-0000-000000000002-10-06-2026'),
(2003,2,'2026-06-09','14:00:00','15:00:00','Fisioterapia',NULL,NULL,0,'cc000000-0000-0000-0000-000000000002-10-06-2026'),
(2004,2,'2026-06-10','14:00:00','15:00:00','Fisioterapia',NULL,NULL,0,'cc000000-0000-0000-0000-000000000002-10-06-2026');

INSERT INTO consulta_funcionario (id, consulta_id, funcionario_id) VALUES
(2002,2002,9),(2003,2003,9),(2004,2004,9);

-- Recorrência C — ESTA SEMANA (vence sex 13/06) | Paciente: Maria Santos (7) | Musicoterapia (func 11)
INSERT INTO consulta_prontuario (id, paciente_id, data, horario_inicio, horario_fim, tipo, observacoes_comportamentais, presenca, confirmada, recorrencia_id) VALUES
(2005,7,'2026-06-08','09:00:00','10:00:00','Musicoterapia',NULL,NULL,0,'cc000000-0000-0000-0000-000000000003-13-06-2026'),
(2006,7,'2026-06-10','09:00:00','10:00:00','Musicoterapia',NULL,NULL,0,'cc000000-0000-0000-0000-000000000003-13-06-2026'),
(2007,7,'2026-06-12','09:00:00','10:00:00','Musicoterapia',NULL,NULL,0,'cc000000-0000-0000-0000-000000000003-13-06-2026');

INSERT INTO consulta_funcionario (id, consulta_id, funcionario_id) VALUES
(2005,2005,11),(2006,2006,11),(2007,2007,11);
